"date","title","primary_factor","secondary_factor","confidence","post_id","new_url"
"2004-08-23","YourMondayMotivator: Have you got BHAG's?","focus","","high","494","https://glennedley.com/mondaymotivator/2004/bhags/"
"2004-09-26","YourMondayMotivator: Babies are blank cheques","programming-the-mind","","low","498","https://glennedley.com/mondaymotivator/2004/fw-your-monday-motivator-27-sept/"
"2004-12-06","Monday Motivator","programming-the-mind","","medium","505","https://glennedley.com/mondaymotivator/2004/fw-monday-motivator-2/"
"2005-10-03","Your Monday Motivator - Following up","focus","","high","725","https://glennedley.com/mondaymotivator/2005/your-monday-motivator-following-up/"
"2005-09-19","YourMondayMotivator - Keeping Promises","focus","","high","727","https://glennedley.com/mondaymotivator/2005/yourmondaymotivator-keeping-promises/"
"2004-12-20","YourMondayMotivator - What is Success?","focus","","medium","728","https://glennedley.com/mondaymotivator/2004/yourmondaymotivator-what-is-success/"
"2004-12-13","YourMondayMotivator: Motivate Yourself to Achieve Success","focus","","high","730","https://glennedley.com/mondaymotivator/2004/yourmondaymotivator-motivate-yourself-to-achieve-success/"
"2004-11-29","YourMondayMotivator: No One Drifts to Success","focus","","high","732","https://glennedley.com/mondaymotivator/2004/yourmondaymotivator-no-one-drifts-to-success/"
"2004-11-22","YourMondayMotivator: What the best marketing is about","focus","","medium","733","https://glennedley.com/mondaymotivator/2004/yourmondaymotivator-what-the-best-marketing-is-about/"
"2004-11-08","YourMondayMotivator: Summer has arrived","mental-posture","","low","735","https://glennedley.com/mondaymotivator/2004/yourmondaymotivator-summer-has-arrived/"
"2004-11-01","YourMondayMotivator: The right job.","programming-the-mind","","low","736","https://glennedley.com/mondaymotivator/2004/yourmondaymotivator-the-right-job/"
"2004-12-06","YourMondayMotivator: Learn How to Live Your Own Life","programming-the-mind","","medium","6612","https://glennedley.com/mondaymotivator/2004/yourmondaymotivator-learn-how-to-live-your-own-life/"
"2004-11-15","YourMondayMotivator: The road to success","mental-posture","","low","6613","https://glennedley.com/mondaymotivator/2004/yourmondaymotivator-the-road-to-success/"
"2005-10-17","YourMondayMotivator - Responsibility","mental-posture","","high","480","https://glennedley.com/mondaymotivator/2005/yourmondaymotivator-responsibility/"
"2005-10-25","YourMondayMotivator - Relaxation","focus","","high","481","https://glennedley.com/mondaymotivator/2005/your-monday-motivator-relaxation/"
"2005-10-31","YourMondayMotivator - Luck","focus","","high","482","https://glennedley.com/mondaymotivator/2005/fw-your-monday-motivator-luck/"
"2005-11-07","YourMondayMotivator: Living Longer","focus","","medium","483","https://glennedley.com/mondaymotivator/2005/fw-your-monday-motivator-living-longer/"
"2005-11-14","YourMondayMotivator: Opportunity","programming-the-mind","","medium","484","https://glennedley.com/mondaymotivator/2005/fw-your-monday-motivator-opportunity/"
"2008-04-09","Hospitals and head injuries","mental-posture","","low","690","https://glennedley.com/mondaymotivator/2008/hospitals-and-head-injuries/"
"2008-04-04","It doesnt take much. A smile, a touch, or a friendly word.","mental-posture","","low","691","https://glennedley.com/mondaymotivator/2008/it-doesnt-take-much-a-smile-a-touch-or-a-friendly-word/"
"2008-04-04","Why I'm behind in the news","focus","mental-posture","medium","692","https://glennedley.com/mondaymotivator/2008/why-im-behind-in-the-news/"
"2008-03-23","A Positive Attitude amongst the doom and gloom","mental-posture","","high","693","https://glennedley.com/mondaymotivator/2008/a-positive-attitude-amongst-the-doom-and-gloom/"
"2008-03-10","MondayMotivator 10 March: How to really annoy people.","mental-posture","","medium","695","https://glennedley.com/mondaymotivator/2008/mondaymotivator-10-march-how-to-really-annoy-people/"
"2008-03-10","MondayMotivator 03 March: 5,127 protypes later ...","focus","","low","696","https://glennedley.com/mondaymotivator/2008/mondaymotivator-03-march-5127-protypes-later/"
"2008-02-26","Failing Forward to Success","mental-posture","","low","699","https://glennedley.com/mondaymotivator/2008/failing-forward-to-success/"
"2008-02-11","Are you leaving your life to chance?","focus","","high","702","https://glennedley.com/mondaymotivator/2008/are-you-leaving-your-life-to-chance/"
"2008-02-04","Have you got the right attitude?","mental-posture","","high","705","https://glennedley.com/mondaymotivator/2008/have-you-got-the-right-attitude/"
"2008-01-07","Week Two of The Lost Arts","mental-posture","","low","715","https://glennedley.com/mondaymotivator/2008/week-two-of-the-lost-arts/"
"2007-12-31","Week One of the Lost Arts","mental-posture","","low","717","https://glennedley.com/mondaymotivator/2007/week-one-of-the-lost-arts/"
"2007-12-22","Christmas shopping: Has it taken a few years off your life?","mental-posture","","low","721","https://glennedley.com/mondaymotivator/2007/christmas-shopping-has-it-taken-a-few-years-off-your-life/"
"2006-04-24","YourMondayMotivator: Steve Jobs","programming-the-mind","","low","723","https://glennedley.com/mondaymotivator/2006/your-monday-motivator-steve-jobs/"
"2005-10-10","Your Monday Motivator - Attaining Excellence","belief","","high","724","https://glennedley.com/mondaymotivator/2005/your-monday-motivator-attaining-excellence/"
"2008-02-18","Pep talk your way to ...","focus","","low","6617","https://glennedley.com/mondaymotivator/2008/pep-talk-your-way-to/"
"2009-05-11","Time is running out","focus","","medium","523","https://glennedley.com/mondaymotivator/2009/time-is-running-out-2/"
"2009-03-16","How agile are you?","focus","","medium","580","https://glennedley.com/mondaymotivator/2009/how-agile-are-you/"
"2009-02-13","Fitness Life magazine has received high praise from FITNESS NZ, who have voted it the best health and fitness publication in the southern hemisphere..","mental-posture","","low","602","https://glennedley.com/mondaymotivator/2009/fitness-life-magazine-has-received-high-praise-from-fitness-nz-who-have-voted-it-the-best/"
"2009-02-09","Be realistic Glenn","programming-the-mind","","medium","604","https://glennedley.com/mondaymotivator/2009/be-realistic-glenn/"
"2009-02-02","Why I write","programming-the-mind","","high","605","https://glennedley.com/mondaymotivator/2009/why-i-write/"
"2008-07-28","Why the best team wins.","focus","","low","663","https://glennedley.com/mondaymotivator/2008/why-the-best-team-wins/"
"2008-07-15","BURST the bubble","focus","","low","669","https://glennedley.com/mondaymotivator/2008/burst-the-bubble/"
"2008-07-09","How do you rate yourself?","belief","","low","672","https://glennedley.com/mondaymotivator/2008/how-do-you-rate-yourself/"
"2008-06-14","MM - Shut Down Some Programs","programming-the-mind","focus","medium","673","https://glennedley.com/mondaymotivator/2008/mm-shut-down-some-programs/"
"2008-05-28","It's been one of THOSE weeks.","mental-posture","","low","678","https://glennedley.com/mondaymotivator/2008/its-been-one-of-those-weeks/"
"2008-05-19","What happens to crazy thoughts?","mental-posture","","low","680","https://glennedley.com/mondaymotivator/2008/what-happens-to-crazy-thoughts/"
"2008-05-14","Its all in the delivery ...","programming-the-mind","","low","682","https://glennedley.com/mondaymotivator/2008/its-all-in-the-delivery/"
"2008-05-05","It's not the goal that matters","focus","","high","686","https://glennedley.com/mondaymotivator/2008/its-not-the-goal-that-matters/"
"2008-12-29","YourMondayMotivator: Holiday thoughts","focus","","high","1383","https://glennedley.com/mondaymotivator/2008/yourmondaymotivator-holiday-thoughts/"
"2008-12-22","YourMondayMotivator: Question things","focus","","low","1385","https://glennedley.com/mondaymotivator/2008/yourmondaymotivator-question-things/"
"2008-12-15","YourMondayMotivator: MAPKAP","belief","","low","1387","https://glennedley.com/mondaymotivator/2008/yourmondaymotivator-mapkap/"
"2008-12-08","YourMondayMotivator: Five Reasons the South Island rocks","focus","","low","1389","https://glennedley.com/mondaymotivator/2008/yourmondaymotivator-five-reasons-the-south-island-rocks/"
"2008-12-01","YourMondayMotivator: What the bleep do I know?","programming-the-mind","","low","1391","https://glennedley.com/mondaymotivator/2008/yourmondaymotivator-what-the-bleep-do-i-know/"
"2008-05-14","Issue 1 of NZ Sales Manager out NOW!","focus","","low","6620","https://glennedley.com/mondaymotivator/2008/issue-1-of-nz-sales-manager-out-now/"
"2008-04-18","Why did you bother turning up?","mental-posture","","medium","6621","https://glennedley.com/mondaymotivator/2008/why-did-you-bother-turning-up/"
"2010-03-08","YourMondayMotivator: Hmmmmm","focus","","low","250","https://glennedley.com/mondaymotivator/2010/yourmondaymotivator-hmmmmm/"
"2010-03-01","YourMondayMotivator: Are you committed?","focus","","low","255","https://glennedley.com/mondaymotivator/2010/yourmondaymotivator-are-you-committed/"
"2010-02-22","YourMondayMotivator: Screw this!","focus","","low","262","https://glennedley.com/mondaymotivator/2010/yourmondaymotivator-screw-this/"
"2010-02-15","YourMondayMotivator: Who do you compete against?","focus","","medium","268","https://glennedley.com/mondaymotivator/2010/yourmondaymotivator-who-do-you-compete-against/"
"2010-02-08","YourMondayMotivator - Where do you see beauty?","programming-the-mind","","low","274","https://glennedley.com/mondaymotivator/2010/yourmondaymotivator-where-do-you-see-beauty/"
"2010-02-01","YourMondayMotivator - How do you face challenges?","programming-the-mind","","low","279","https://glennedley.com/mondaymotivator/2010/yourmondaymotivator-how-do-you-face-challenges/"
"2010-01-25","YourMondayMotivator - Are you inspired or motivated?","focus","","low","285","https://glennedley.com/mondaymotivator/2010/yourmondaymotivator-are-you-inspired-or-motivated/"
"2010-01-18","YourMondayMotivator - Have you got the right stuff?","focus","","low","291","https://glennedley.com/mondaymotivator/2010/yourmondaymotivator-have-you-got-the-right-stuff/"
"2010-01-11","YourMondayMotivator - The year is a blank page.","belief","","low","292","https://glennedley.com/mondaymotivator/2010/yourmondaymotivator-the-year-is-a-blank-page/"
"2010-01-04","YourMondayMotivator - Where are you at today?","mental-posture","","low","293","https://glennedley.com/mondaymotivator/2010/yourmondaymotivator-where-are-you-at-today/"
"2009-12-28","YourMondayMotivator - Have you got a maintenance program?","focus","","medium","294","https://glennedley.com/mondaymotivator/2009/yourmondaymotivator-have-you-got-a-maintenance-program/"
"2009-12-21","YourMondayMotivator - Why you should ask for feedback","mental-posture","","medium","299","https://glennedley.com/mondaymotivator/2009/yourmondaymotivator-why-you-should-ask-for-feedback/"
"2009-12-14","YourMondayMotivator - Is anyone reading this.","focus","","low","305","https://glennedley.com/mondaymotivator/2009/yourmondaymotivator-is-anyone-reading-this/"
"2009-12-07","YourMondayMotivator - Do you keep up a facade?","focus","","low","311","https://glennedley.com/mondaymotivator/2009/yourmondaymotivator-do-you-keep-up-a-facade/"
"2009-11-30","YourMondayMotivator - How did I get here?","mental-posture","","low","317","https://glennedley.com/mondaymotivator/2009/yourmondaymotivator-how-did-i-get-here/"
"2009-08-24","And the waiting is over.","programming-the-mind","","low","398","https://glennedley.com/mondaymotivator/2009/and-the-waiting-is-over/"
"2009-07-27","Seriously, everything is amazing.","programming-the-mind","","low","434","https://glennedley.com/mondaymotivator/2009/seriously-everything-is-amazing/"
"2009-07-06","Thank you + giveaway","programming-the-mind","","low","459","https://glennedley.com/mondaymotivator/2009/thank-you-giveaway/"
"2009-05-11","Time is running out","focus","","medium","522","https://glennedley.com/mondaymotivator/2009/time-is-running-out/"
"2009-09-20","Is your day like Benjamin Franklin's?","mental-posture","","low","894","https://glennedley.com/mondaymotivator/2009/is-your-day-like-benjamin-franklins/"
"2010-07-26","YourMondayMotivator - Clean out your 'stuff'","programming-the-mind","","medium","172","https://glennedley.com/mondaymotivator/2010/yourmondaymotivator-clean-out-your-stuff/"
"2010-07-19","YourMondayMotivator - Change the rules","belief","","low","173","https://glennedley.com/mondaymotivator/2010/yourmondaymotivator-change-the-rules/"
"2010-07-12","YourMondayMotivator - Who am I?","programming-the-mind","","low","174","https://glennedley.com/mondaymotivator/2010/yourmondaymotivator-who-am-i/"
"2010-06-28","YourMondayMotivator - Fog and Rain","focus","","high","177","https://glennedley.com/mondaymotivator/2010/yourmondaymotivator-fog-and-rain/"
"2010-06-21","YourMondayMotivator - It's a White winter","focus","","low","182","https://glennedley.com/mondaymotivator/2010/yourmondaymotivator-its-a-white-winter/"
"2010-06-14","YourMondayMotivator - Wishing and Winter","programming-the-mind","focus","medium","184","https://glennedley.com/mondaymotivator/2010/yourmondaymotivator-wishing-and-winter/"
"2010-06-07","YourMondayMotivator - Kids these days","programming-the-mind","","low","186","https://glennedley.com/mondaymotivator/2010/yourmondaymotivator-kids-these-days/"
"2010-05-31","YourMondayMotivator - Testing","mental-posture","","low","191","https://glennedley.com/mondaymotivator/2010/yourmondaymotivator-testing/"
"2010-05-24","YourMondayMotivator: Special powers","programming-the-mind","","medium","195","https://glennedley.com/mondaymotivator/2010/yourmondaymotivator-special-powers/"
"2010-05-17","YourMondayMotivator: Inspirational teenager","belief","","high","199","https://glennedley.com/mondaymotivator/2010/yourmondaymotivator-inspirational-teenager/"
"2010-05-10","YourMondayMotivator: Driving Force","programming-the-mind","","low","205","https://glennedley.com/mondaymotivator/2010/yourmondaymotivator-driving-force/"
"2010-05-03","YourMondayMotivator: Autumn = change","focus","","low","210","https://glennedley.com/mondaymotivator/2010/yourmondaymotivator-autumn-change/"
"2010-04-26","YourMondayMotivator: Stop working, working.","programming-the-mind","","medium","213","https://glennedley.com/mondaymotivator/2010/yourmondaymotivator-stop-working-working/"
"2010-04-12","YourMondayMotivator: Start with what you have.","focus","","high","225","https://glennedley.com/mondaymotivator/2010/yourmondaymotivator-start-with-what-you-have/"
"2010-04-05","YourMondayMotivator: New beginnings and Easter.","focus","","medium","228","https://glennedley.com/mondaymotivator/2010/yourmondaymotivator-new-beginnings-and-easter/"
"2010-03-29","YourMondayMotivator: Get ANGRY!","focus","","high","233","https://glennedley.com/mondaymotivator/2010/yourmondaymotivator-get-angry/"
"2010-03-22","YourMondayMotivator: What are you values?","mental-posture","","medium","239","https://glennedley.com/mondaymotivator/2010/yourmondaymotivator-what-are-you-values/"
"2010-03-15","YourMondayMotivator: Much to learn","programming-the-mind","","medium","244","https://glennedley.com/mondaymotivator/2010/yourmondaymotivator-much-to-learn/"
"2010-04-19","YourMondayMotivator: What are you missing out on?","mental-posture","","medium","6677","https://glennedley.com/mondaymotivator/2010/yourmondaymotivator-what-are-you-missing-out-on/"
"2010-07-05","YourMondayMotivator - New tyres","belief","","high","6683","https://glennedley.com/mondaymotivator/2010/yourmondaymotivator-new-tyres/"
"2010-12-13","YourMondayMotivator: Singing in the lifeboats","programming-the-mind","","medium","138","https://glennedley.com/mondaymotivator/2010/yourmondaymotivator-singing-in-the-lifeboats/"
"2010-12-06","YourMondayMotivator: Forgiveness","mental-posture","","high","142","https://glennedley.com/mondaymotivator/2010/yourmondaymotivator-forgiveness/"
"2010-11-29","YourMondayMotivator: Thinking BIG","focus","programming-the-mind","medium","148","https://glennedley.com/mondaymotivator/2010/yourmondaymotivator-thinking-big/"
"2010-11-22","YourMondayMotivator: Powerful choices (or the Power of Choice)","mental-posture","","low","154","https://glennedley.com/mondaymotivator/2010/yourmondaymotivator-powerful-choices-or-the-power-of-choice/"
"2010-11-15","YourMondayMotivator: Self belief","belief","","high","155","https://glennedley.com/mondaymotivator/2010/yourmondaymotivator-self-belief/"
"2010-11-08","YourMondayMotivator: Change for changes sake","focus","","low","156","https://glennedley.com/mondaymotivator/2010/yourmondaymotivator-change-for-changes-sake/"
"2010-11-01","YourMondayMotivator: No Inspiration","focus","","low","157","https://glennedley.com/mondaymotivator/2010/yourmondaymotivator-no-inspiration/"
"2010-10-25","YourMondayMotivator: The value of Thank You","belief","","low","158","https://glennedley.com/mondaymotivator/2010/yourmondaymotivator-the-value-of-thank-you/"
"2010-10-18","YourMondayMotivator: How do you treat your backyard?","focus","","low","159","https://glennedley.com/mondaymotivator/2010/yourmondaymotivator-how-do-you-treat-your-backyard/"
"2010-10-11","YourMondayMotivator: How STRONG is your Rollcage?","programming-the-mind","","low","160","https://glennedley.com/mondaymotivator/2010/yourmondaymotivator-how-strong-is-your-rollcage/"
"2010-10-04","YourMondayMotivator: Do you need change?","programming-the-mind","","low","161","https://glennedley.com/mondaymotivator/2010/yourmondaymotivator-do-you-need-change/"
"2010-09-27","YourMondayMotivator: My need for speed","programming-the-mind","","low","162","https://glennedley.com/mondaymotivator/2010/yourmondaymotivator-my-need-for-speed/"
"2010-09-20","YourMondayMotivator: A year in the life of ...","focus","","medium","163","https://glennedley.com/mondaymotivator/2010/yourmondaymotivator-a-year-in-the-life-of/"
"2010-09-13","YourMondayMotivator: Detox and Discipline","focus","","high","164","https://glennedley.com/mondaymotivator/2010/yourmondaymotivator-detox-and-discipline/"
"2010-09-06","YourMondayMotivator: What if?","programming-the-mind","","high","165","https://glennedley.com/mondaymotivator/2010/yourmondaymotivator-what-if/"
"2010-08-30","YourMondayMotivator: Do you always have to keep your cool?","programming-the-mind","","medium","166","https://glennedley.com/mondaymotivator/2010/yourmondaymotivator-do-you-always-have-to-keep-your-cool/"
"2010-08-23","YourMondayMotivator: Doing what you said you would","focus","","medium","167","https://glennedley.com/mondaymotivator/2010/yourmondaymotivator-doing-what-you-said-you-would/"
"2010-08-16","YourMondayMotivator: Out of Office replies","programming-the-mind","","low","168","https://glennedley.com/mondaymotivator/2010/yourmondaymotivator-out-of-office-replies/"
"2010-08-09","YourMondayMotivator: Moments, we all have them.","belief","","low","169","https://glennedley.com/mondaymotivator/2010/yourmondaymotivator-moments-we-all-have-them/"
"2010-08-02","YourMondayMotivator - Doing what you love","focus","","high","171","https://glennedley.com/mondaymotivator/2010/yourmondaymotivator-doing-what-you-love/"
"2011-05-16","YourMondayMotivator: Would you do that job?","programming-the-mind","","medium","84","https://glennedley.com/mondaymotivator/2011/yourmondaymotivator-would-you-do-that-job/"
"2011-05-09","YourMondayMotivator: Stumped","focus","","high","88","https://glennedley.com/mondaymotivator/2011/yourmondaymotivator-stumped/"
"2011-04-18","YourMondayMotivator: Birthdays, Gatherings and Public Holidays","programming-the-mind","","low","103","https://glennedley.com/mondaymotivator/2011/yourmondaymotivator-birthdays-gatherings-and-public-holidays/"
"2011-04-11","YourMondayMotivator: Paul Henry, cars and shoes","focus","","low","106","https://glennedley.com/mondaymotivator/2011/yourmondaymotivator-paul-henry-cars-and-shoes/"
"2011-04-04","YourMondayMotivator: I'll be happy when ...","focus","","medium","107","https://glennedley.com/mondaymotivator/2011/yourmondaymotivator-ill-be-happy-when/"
"2011-03-28","YourMondayMotivator: Checking out the view","programming-the-mind","","medium","108","https://glennedley.com/mondaymotivator/2011/yourmondaymotivator-checking-out-the-view/"
"2011-03-21","YourMondayMotivator: Measure twice, cut once","focus","","medium","109","https://glennedley.com/mondaymotivator/2011/yourmondaymotivator-measure-twice-cut-once/"
"2011-03-14","YourMondayMotivator: Worst case scenario","belief","","low","110","https://glennedley.com/mondaymotivator/2011/yourmondaymotivator-worst-case-scenario/"
"2011-03-07","YourMondayMotivator: What are you inputting, to your head?","belief","","low","111","https://glennedley.com/mondaymotivator/2011/yourmondaymotivator-what-are-you-inputting-to-your-head/"
"2011-02-28","YourMondayMotivator: How much capacity do you have?","focus","","medium","113","https://glennedley.com/mondaymotivator/2011/yourmondaymotivator-how-much-capacity-do-you-have/"
"2011-02-21","YourMondayMotivator: Do you give yourself enough space?","programming-the-mind","","low","114","https://glennedley.com/mondaymotivator/2011/yourmondaymotivator-do-you-give-yourself-enough-space/"
"2011-02-14","YourMondayMotivator: Do you care?","mental-posture","","low","115","https://glennedley.com/mondaymotivator/2011/yourmondaymotivator-do-you-care/"
"2011-02-07","YourMondayMotivator: Teamwork and moving","focus","","low","120","https://glennedley.com/mondaymotivator/2011/yourmondaymotivator-teamwork-and-moving/"
"2011-01-17","YourMondayMotivator: Relax or Die.","focus","","medium","123","https://glennedley.com/mondaymotivator/2011/yourmondaymotivator-relax-or-die/"
"2011-01-31","YourMondayMotivator: I'm on a couch","focus","","low","6691","https://glennedley.com/mondaymotivator/2011/yourmondaymotivator-im-on-a-couch/"
"2011-01-24","YourMondayMotivator: How HUNGRY are you?","focus","","medium","6692","https://glennedley.com/mondaymotivator/2011/yourmondaymotivator-how-hungry-are-you/"
"2011-01-10","YourMondayMotivator: I'm late!","focus","","medium","6693","https://glennedley.com/mondaymotivator/2011/yourmondaymotivator-im-late/"
"2011-01-03","YourMondayMotivator: Is anyone out there & experience is overrated","programming-the-mind","","low","6694","https://glennedley.com/mondaymotivator/2011/yourmondaymotivator-is-anyone-out-there-experience-is-overrated/"
"2011-05-02","YourMondayMotivator: Where were you?","focus","","low","6700","https://glennedley.com/mondaymotivator/2011/yourmondaymotivator-where-were-you/"
"2011-04-25","YourMondayMotivator: Who you were","focus","","low","6704","https://glennedley.com/mondaymotivator/2011/yourmondaymotivator-who-you-were/"
"2011-09-26","YourMondayMotivator: We need more Chris Anderson's","belief","","high","59","https://glennedley.com/mondaymotivator/2011/yourmondaymotivator-we-need-more-chris-andersons/"
"2011-09-12","YourMondayMotivator: 9/11 and the Rugby World Cup","focus","","low","67","https://glennedley.com/mondaymotivator/2011/yourmondaymotivator-911-and-the-rugby-world-cup/"
"2011-09-05","YourMondayMotivator: Senna and Fathers Day '11","focus","","medium","68","https://glennedley.com/mondaymotivator/2011/yourmondaymotivator-senna-and-fathers-day-11/"
"2011-08-29","YourMondayMotivator: Ego and why do you do things","mental-posture","","low","69","https://glennedley.com/mondaymotivator/2011/yourmondaymotivator-ego-and-why-do-you-do-things/"
"2011-08-22","YourMondayMotivator: A place for you things + fine weather","programming-the-mind","","low","70","https://glennedley.com/mondaymotivator/2011/yourmondaymotivator-a-place-for-you-things-fine-weather/"
"2011-08-15","YourMondayMotivator: Count your blessings","focus","programming-the-mind","low","71","https://glennedley.com/mondaymotivator/2011/yourmondaymotivator-count-your-blessings/"
"2011-08-08","YourMondayMotivator: Forgot my power cord","focus","programming-the-mind","low","72","https://glennedley.com/mondaymotivator/2011/yourmondaymotivator-forgot-my-power-cord/"
"2011-08-01","YourMondayMotivator: Staying Healthy","programming-the-mind","","medium","73","https://glennedley.com/mondaymotivator/2011/yourmondaymotivator-staying-healthy/"
"2011-07-25","YourMondayMotivator: That's a good question","mental-posture","","low","74","https://glennedley.com/mondaymotivator/2011/yourmondaymotivator-thats-a-good-question/"
"2011-07-18","YourMondayMotivator: ABUNDANCE!","programming-the-mind","","medium","75","https://glennedley.com/mondaymotivator/2011/yourmondaymotivator-abundance/"
"2011-07-11","YourMondayMotivator: When your best isn't enough","focus","","high","76","https://glennedley.com/mondaymotivator/2011/yourmondaymotivator-when-your-best-isnt-enough/"
"2011-07-04","YourMondayMotivator: You are alone.","programming-the-mind","","low","77","https://glennedley.com/mondaymotivator/2011/yourmondaymotivator-you-are-alone/"
"2011-06-27","YourMondayMotivator: Why I should practice guitar","belief","","low","78","https://glennedley.com/mondaymotivator/2011/yourmondaymotivator-why-i-should-practice-guitar/"
"2011-06-20","YourMondayMotivator: What am I doing with my life?","programming-the-mind","","low","79","https://glennedley.com/mondaymotivator/2011/yourmondaymotivator-what-am-i-doing-with-my-life/"
"2011-06-13","YourMondayMotivator: Lessons from Samoa","focus","","medium","80","https://glennedley.com/mondaymotivator/2011/yourmondaymotivator-lessons-from-samoa/"
"2011-06-06","YourMondayMotivator: Talofa and Start from where you stand","focus","","high","81","https://glennedley.com/mondaymotivator/2011/yourmondaymotivator-talofa-and-start-from-where-you-stand/"
"2011-05-30","YourMondayMotivator: Are you in it to win it?","focus","programming-the-mind","low","82","https://glennedley.com/mondaymotivator/2011/yourmondaymotivator-are-you-in-it-to-win-it/"
"2011-05-23","YourMondayMotivator: Barbie Dolls and Mountain Buggy's","programming-the-mind","","low","83","https://glennedley.com/mondaymotivator/2011/yourmondaymotivator-barbie-dolls-and-mountain-buggys/"
"2011-09-19","YourMondayMotivator: How's your plan of action?","focus","","high","6706","https://glennedley.com/mondaymotivator/2011/yourmondaymotivator-hows-your-plan-of-action/"
"2011-09-19","Amy's feedback","focus","","low","6710","https://glennedley.com/mondaymotivator/2011/amys-feedback/"
"2011-10-03","YourMondayMotivator: Magpie Moments","focus","","high","57","https://glennedley.com/mondaymotivator/2011/yourmondaymotivator-magpie-moments/"
"2012-01-02","YourMondayMotivator: Read more","programming-the-mind","","high","1282","https://glennedley.com/mondaymotivator/2012/yourmondaymotivator-read-more/"
"2011-12-26","YourMondayMotivator: The Power of We","focus","","low","1284","https://glennedley.com/mondaymotivator/2011/yourmondaymotivator-the-power-of-we/"
"2011-11-21","YourMondayMotivator: Crouching Tiger, Screaming Baby","focus","mental-posture","medium","3124","https://glennedley.com/mondaymotivator/2011/yourmondaymotivator-crouching-tiger-screaming-baby/"
"2011-11-14","YourMondayMotivator: Getting to the Why.","focus","","high","3127","https://glennedley.com/mondaymotivator/2011/yourmondaymotivator-getting-to-the-why/"
"2011-11-07","YourMondayMotivator: Go deep or go home.","focus","","high","3129","https://glennedley.com/mondaymotivator/2011/yourmondaymotivator-go-deep-or-go-home/"
"2011-10-31","YourMondayMotivator: Back yourself","belief","","low","3131","https://glennedley.com/mondaymotivator/2011/yourmondaymotivator-back-yourself/"
"2011-10-24","YourMondayMotivator: WORLD CUP CHAMPIONS!","programming-the-mind","","medium","3134","https://glennedley.com/mondaymotivator/2011/yourmondaymotivator-world-cup-champions/"
"2011-10-17","YourMondayMotivator: So what if they'd lost?","belief","","low","3137","https://glennedley.com/mondaymotivator/2011/yourmondaymotivator-so-what-if-theyd-lost/"
"2011-10-10","YourMondayMotivator: Alba and Steve","programming-the-mind","","low","3140","https://glennedley.com/mondaymotivator/2011/yourmondaymotivator-alba-and-steve/"
"2011-12-12","YourMondayMotivator: Get clear, and share the dream","focus","belief","medium","3144","https://glennedley.com/mondaymotivator/2011/yourmondaymotivator-get-clear-and-share-the-dream/"
"2011-11-28","YourMondayMotivator: Sold my car, time to reflect","focus","","medium","3157","https://glennedley.com/mondaymotivator/2011/yourmondaymotivator-sold-my-car-time-to-reflect/"
"2011-12-19","YourMondayMotivator: The danger of limiting beliefs","programming-the-mind","","medium","3163","https://glennedley.com/mondaymotivator/2011/yourmondaymotivator-the-danger-of-limiting-beliefs/"
"2011-12-05","YourMondayMotivator: Thoughts become things","programming-the-mind","focus","medium","6712","https://glennedley.com/mondaymotivator/2011/yourmondaymotivator-thoughts-become-things/"
"2012-01-09","YourMondayMotivator: This year will be the best ...","focus","","high","1278","https://glennedley.com/mondaymotivator/2012/yourmondaymotivator-this-year-will-be-the-best/"
"2012-01-16","YourMondayMotivator: Habits that work for you","focus","","high","1289","https://glennedley.com/mondaymotivator/2012/yourmondaymotivator-habits-that-work-for-you/"
"2012-01-23","YourMondayMotivator: Argh! So much to do","focus","programming-the-mind","low","1302","https://glennedley.com/mondaymotivator/2012/yourmondaymotivator-argh-so-much-to-do/"
"2012-01-30","YourMondayMotivator: Will it make it faster?","focus","","high","1307","https://glennedley.com/mondaymotivator/2012/yourmondaymotivator-will-it-make-it-faster/"
"2012-02-13","YourMondayMotivator: Why I hate the weekend ...","programming-the-mind","","low","1316","https://glennedley.com/mondaymotivator/2012/yourmondaymotivator-why-i-hate-the-weekend/"
"2012-02-20","YourMondayMotivator: What are you doing for young people?","focus","","low","1321","https://glennedley.com/mondaymotivator/2012/yourmondaymotivator-what-are-you-doing-for-young-people/"
"2012-02-27","YourMondayMotivator: Kicking Fear to the Curb","belief","","high","1325","https://glennedley.com/mondaymotivator/2012/yourmondaymotivator-kicking-fear-to-the-curb/"
"2012-03-05","YourMondayMotivator: Weddings, Anniversaries and Weather","focus","","low","1331","https://glennedley.com/mondaymotivator/2012/yourmondaymotivator-weddings-anniversaries-and-weather/"
"2012-03-12","YourMondayMotivator: Why planning works","focus","","medium","1333","https://glennedley.com/mondaymotivator/2012/yourmondaymotivator-why-planning-works/"
"2012-03-19","YourMondayMotivator: How to do 10,000 push ups","focus","","high","1342","https://glennedley.com/mondaymotivator/2012/yourmondaymotivator-how-to-do-10000-push-ups/"
"2012-03-26","YourMondayMotivator: Forget the reset button","programming-the-mind","","low","1344","https://glennedley.com/mondaymotivator/2012/yourmondaymotivator-forget-the-reset-button/"
"2012-04-02","YourMondayMotivator: We need to be great leaders.","belief","","low","1353","https://glennedley.com/mondaymotivator/2012/yourmondaymotivator-we-need-to-be-great-leaders/"
"2012-04-09","YourMondayMotivator: An Experiment of One.","focus","","medium","1358","https://glennedley.com/mondaymotivator/2012/yourmondaymotivator-an-experiment-of-one/"
"2012-04-16","YourMondayMotivator: The Attitude of Gratitude","mental-posture","","high","1360","https://glennedley.com/mondaymotivator/2012/yourmondaymotivator-the-attitude-of-gratitude/"
"2012-04-23","YourMondayMotivator: Life is Short","programming-the-mind","","low","1363","https://glennedley.com/mondaymotivator/2012/yourmondaymotivator-life-is-short/"
"2012-04-30","YourMondayMotivator: S**t life throws at you","mental-posture","","low","1369","https://glennedley.com/mondaymotivator/2012/yourmondaymotivator-st-life-throws-at-you/"
"2012-05-07","YourMondayMotivator: Why you should Care More","focus","","low","1373","https://glennedley.com/mondaymotivator/2012/yourmondaymotivator-why-you-should-care-more/"
"2012-05-14","YourMondayMotivator: Keeping it simple, for 350 years.","focus","","low","1395","https://glennedley.com/mondaymotivator/2012/yourmondaymotivator-keeping-it-simple-for-350-years/"
"2012-05-21","YourMondayMotivator: A million things, but not the right ones.","focus","","low","1403","https://glennedley.com/mondaymotivator/2012/yourmondaymotivator-a-million-things-but-not-the-right-ones/"
"2012-05-28","YourMondayMotivator: Yah yah yah YAH!","focus","","high","1408","https://glennedley.com/mondaymotivator/2012/yourmondaymotivator-yah-yah-yah-yah/"
"2012-06-04","YourMondayMotivator: What are you willing to die for?","belief","","medium","1413","https://glennedley.com/mondaymotivator/2012/yourmondaymotivator-what-are-you-willing-to-die-for/"
"2012-06-11","YourMondayMotivator: How to become an All Black","focus","","low","1426","https://glennedley.com/mondaymotivator/2012/yourmondaymotivator-how-to-become-an-all-black/"
"2012-06-18","YourMondayMotivator: Be smart. Or at least attempt to.","programming-the-mind","mental-posture","medium","1432","https://glennedley.com/mondaymotivator/2012/yourmondaymotivator-be-smart-or-at-attempt-to/"
"2012-06-25","YourMondayMotivator: Pop an Ollie and innovate","programming-the-mind","belief","medium","1438","https://glennedley.com/mondaymotivator/2012/yourmondaymotivator-pop-an-ollie-and-innovate/"
"2012-07-02","YourMondayMotivator: What are you working towards right now?","programming-the-mind","","medium","1442","https://glennedley.com/mondaymotivator/2012/yourmondaymotivator-what-are-you-working-towards-right-now/"
"2012-07-16","YourMondayMotivator: When in doubt ...","belief","","high","1449","https://glennedley.com/mondaymotivator/2012/yourmondaymotivator-when-in-doubt/"
"2012-07-23","YourMondayMotivator: What you care about molds you","focus","","high","1452","https://glennedley.com/mondaymotivator/2012/yourmondaymotivator-what-you-care-about-molds-you/"
"2012-07-30","YourMondayMotivator: What if you were lucky?","programming-the-mind","","low","1455","https://glennedley.com/mondaymotivator/2012/yourmondaymotivator-what-if-you-were-lucky/"
"2012-08-06","YourMondayMotivator: A Spring in his step","focus","","medium","1457","https://glennedley.com/mondaymotivator/2012/yourmondaymotivator-a-spring-in-his-step/"
"2012-08-13","YourMondayMotivator: What's a little pressure between friends, and countrymen. Plus Glow Kids.","focus","programming-the-mind","medium","1461","https://glennedley.com/mondaymotivator/2012/yourmondaymotivator-whats-a-little-pressure-between-friends-and-countrymen-plus-glow-kids/"
"2012-08-20","YourMondayMotivator: Where are you on the Moral Scale?","focus","belief","low","1467","https://glennedley.com/mondaymotivator/2012/yourmondaymotivator-where-are-you-on-the-moral-scale/"
"2012-08-27","YourMondayMotivator: Do you know your limits?","focus","","low","1469","https://glennedley.com/mondaymotivator/2012/yourmondaymotivator-do-you-know-your-limits/"
"2012-09-03","YourMondayMotivator: It's Spring. Yay. Are you prepared?","programming-the-mind","","medium","1474","https://glennedley.com/mondaymotivator/2012/yourmondaymotivator-its-spring-yay-are-you-prepared/"
"2012-09-10","YourMondayMotivator: I'm in!!","mental-posture","","low","1476","https://glennedley.com/mondaymotivator/2012/yourmondaymotivator-im-in/"
"2012-09-17","YourMondayMotivator: Beaches and rain","programming-the-mind","","medium","1480","https://glennedley.com/mondaymotivator/2012/yourmondaymotivator-beaches-and-rain/"
"2012-09-24","YourMondayMotivator: Shift Your Normal","programming-the-mind","","low","1483","https://glennedley.com/mondaymotivator/2012/yourmondaymotivator-shift-your-normal/"
"2012-10-01","YourMondayMotivator: Are you a mind reader?","programming-the-mind","","high","1486","https://glennedley.com/mondaymotivator/2012/yourmondaymotivator-are-you-a-mind-reader/"
"2012-10-08","YourMondayMotivator: Are you feeling lucky?","programming-the-mind","focus","low","1489","https://glennedley.com/mondaymotivator/2012/yourmondaymotivator-are-you-feeling-lucky/"
"2012-10-15","YourMondayMotivator: Why lists work ... sometimes.","programming-the-mind","","low","1492","https://glennedley.com/mondaymotivator/2012/yourmondaymotivator-why-lists-work-sometimes/"
"2012-10-22","YourMondayMotivator: Communicate","programming-the-mind","","low","1497","https://glennedley.com/mondaymotivator/2012/yourmondaymotivator-communicate/"
"2012-10-29","YourMondayMotivator: Porsche Passion","programming-the-mind","","low","1502","https://glennedley.com/mondaymotivator/2012/yourmondaymotivator-porsche-passion/"
"2012-11-05","YourMondayMotivator: Lord, give me credit.","mental-posture","belief","low","1505","https://glennedley.com/mondaymotivator/2012/yourmondaymotivator-lord-give-me-credit/"
"2012-11-12","YourMondayMotivator: The dumbest idea ever?","programming-the-mind","","high","1508","https://glennedley.com/mondaymotivator/2012/yourmondaymotivator-the-dumbest-idea-ever/"
"2012-11-19","YourMondayMotivator: What do you know? How do I know you know that?","focus","","medium","1511","https://glennedley.com/mondaymotivator/2012/yourmondaymotivator-what-do-you-know-how-do-i-know-you-know-that/"
"2012-11-26","YourMondayMotivator: Who do you talk to?","programming-the-mind","","low","1514","https://glennedley.com/mondaymotivator/2012/yourmondaymotivator-who-do-you-talk-to/"
"2012-12-03","YourMondayMotivator: Keep it simple ...","focus","","low","1516","https://glennedley.com/mondaymotivator/2012/yourmondaymotivator-keep-it-simple/"
"2012-12-10","YourMondayMotivator: What talent do you take for granted or have forgotten you had?","programming-the-mind","","low","1520","https://glennedley.com/mondaymotivator/2012/yourmondaymotivator-what-talent-do-you-take-for-granted-or-have-forgotten-you-had/"
"2012-12-17","YourMondayMotivator: Nothing-ness","focus","","low","1523","https://glennedley.com/mondaymotivator/2012/yourmondaymotivator-nothing-ness/"
"2012-12-24","YourMondayMotivator: Christmas and Co.","programming-the-mind","","low","1526","https://glennedley.com/mondaymotivator/2012/yourmondaymotivator-christmas-and-co/"
"2012-12-31","YourMondayMotivator: Last day of 2012. Now what? ..... Exciting. Plus The 4-Hour Chef.","focus","","medium","1528","https://glennedley.com/mondaymotivator/2012/yourmondaymotivator-last-day-of-2012-now-what-exciting-plus-the-4-hour-chef/"
"2013-01-07","YourMondayMotivator: New year, new me, new you?","focus","","medium","1532","https://glennedley.com/mondaymotivator/2013/yourmondaymotivator-new-year-new-me-new-you/"
"2013-01-14","YourMondayMotivator: The month is half over. Where are you at?","focus","","high","1535","https://glennedley.com/mondaymotivator/2013/yourmondaymotivator-the-month-is-half-over-where-are-you-at/"
"2013-01-21","YourMondayMotivator: Lies, damn lies and Lance","focus","","low","1537","https://glennedley.com/mondaymotivator/2013/yourmondaymotivator-lies-damn-lies-and-lance/"
"2013-01-28","YourMondayMotivator: It's almost over .... Summer that is.","mental-posture","","low","1542","https://glennedley.com/mondaymotivator/2013/yourmondaymotivator-its-almost-over-summer-that-is-2/"
"2013-02-04","YourMondayMotivator: Rain. Lots of it. And why things should run off your back like water.","belief","","high","1548","https://glennedley.com/mondaymotivator/2013/yourmondaymotivator-rain-lots-of-it-and-why-things-should-run-off-your-back-like-water/"
"2013-02-25","YourMondayMotivator: Why? It's always a good question. Have you stopped asking?","programming-the-mind","","low","1574","https://glennedley.com/mondaymotivator/2013/yourmondaymotivator-why-its-always-a-good-question-have-you-stopped-asking/"
"2013-03-04","YourMondayMotivator: Goals and Guitar Practice","programming-the-mind","focus","low","1581","https://glennedley.com/mondaymotivator/2013/yourmondaymotivator-goals-and-guitar-practice/"
"2013-03-11","YourMondayMotivator: Just the facts","programming-the-mind","","low","1588","https://glennedley.com/mondaymotivator/2013/yourmondaymotivator-just-the-facts/"
"2013-03-18","YourMondayMotivator: Pssst. It's March. That's right March ...","programming-the-mind","","low","1591","https://glennedley.com/mondaymotivator/2013/yourmondaymotivator-pssst-its-march-thats-right-march/"
"2013-02-11","YourMondayMotivator: Sit down. And stay still.","programming-the-mind","","medium","6719","https://glennedley.com/mondaymotivator/2013/yourmondaymotivator-sit-down-and-stay-still/"
"2013-03-25","YourMondayMotivator: Forget about the glass being half full or half empty. Think about weight.","belief","","low","1594","https://glennedley.com/mondaymotivator/2013/yourmondaymotivator-forget-about-the-glass-being-half-full-or-half-empty-think-about-weigh/"
"2013-04-01","YourMondayMotivator: Life is full of moments ...","focus","","low","1597","https://glennedley.com/mondaymotivator/2013/yourmondaymotivator-life-is-full-of-moments/"
"2013-04-08","YourMondayMotivator: Lifehacking - a weekend of collaboration and making stuff happen","focus","","low","1599","https://glennedley.com/mondaymotivator/2013/yourmondaymotivator-lifehacking-a-weekend-of-collaboration-and-making-stuff-happen/"
"2013-04-15","YourMondayMotivator: You're kidding yourself","focus","","low","1603","https://glennedley.com/mondaymotivator/2013/yourmondaymotivator-youre-kidding-yourself/"
"2013-04-22","YourMondayMotivator: What would you do if you won?","programming-the-mind","focus","low","1609","https://glennedley.com/mondaymotivator/2013/yourmondaymotivator-what-would-you-do-if-you-won/"
"2013-04-29","YourMondayMotivator: Have you had a laugh today?","focus","","medium","1612","https://glennedley.com/mondaymotivator/2013/yourmondaymotivator-have-you-had-a-laugh-today/"
"2013-05-06","YourMondayMotivator: Wherever you go, there you are.","focus","","high","1615","https://glennedley.com/mondaymotivator/2013/yourmondaymotivator-wherever-you-go-there-you-are/"
"2013-05-13","YourMondayMotivator: You are not your job title","programming-the-mind","","low","1619","https://glennedley.com/mondaymotivator/2013/yourmondaymotivator-you-are-not-your-job-title/"
"2013-05-20","YourMondayMotivator: More and more people are simplifying their lives.","focus","","low","1659","https://glennedley.com/mondaymotivator/2013/yourmondaymotivator-more-and-more-people-are-simplifying-their-lives/"
"2013-05-27","YourMondayMotivator: How do you spend your time?","focus","programming-the-mind","medium","1677","https://glennedley.com/mondaymotivator/2013/yourmondaymotivator-how-do-you-spend-your-time/"
"2013-06-03","YourMondayMotivator: A case for outsourcing - your Happiness.","mental-posture","programming-the-mind","medium","1681","https://glennedley.com/mondaymotivator/2013/yourmondaymotivator-a-case-for-outsourcing-your-happiness/"
"2013-06-10","YourMondayMotivator: What hurting my back taught me","focus","","low","1689","https://glennedley.com/mondaymotivator/2013/yourmondaymotivator-what-hurting-my-back-taught-me/"
"2013-06-17","YourMondayMotivator: ""My Life sucks!""","focus","","low","1694","https://glennedley.com/mondaymotivator/2013/yourmondaymotivator-my-life-sucks/"
"2013-06-24","YourMondayMotivator: When do you give up?","focus","","medium","1697","https://glennedley.com/mondaymotivator/2013/yourmondaymotivator-when-do-you-give-up/"
"2013-07-01","YourMondayMotivator: What doing vacuuming, yes vacuuming taught me.","programming-the-mind","","medium","1699","https://glennedley.com/mondaymotivator/2013/yourmondaymotivator-what-doing-vacuuming-yes-vacuuming-taught-me/"
"2013-07-08","YourMondayMotivator: Uh oh! No idea and I'm late!","programming-the-mind","focus","medium","1702","https://glennedley.com/mondaymotivator/2013/yourmondaymotivator-uh-oh-no-idea-and-im-late/"
"2013-07-15","YourMondayMotivator: Running with Bulls is a really bad idea.","belief","","low","1706","https://glennedley.com/mondaymotivator/2013/yourmondaymotivator-running-with-bulls-is-a-really-bad-idea/"
"2013-07-22","YourMondayMotivator: Those big boats are, well, big. And really, really fast.","focus","","high","1709","https://glennedley.com/mondaymotivator/2013/yourmondaymotivator-those-big-boats-are-well-big-and-really-really-fast/"
"2013-07-29","YourMondayMotivator: ""Risk isn't convenient any more.""","programming-the-mind","","low","1711","https://glennedley.com/mondaymotivator/2013/yourmondaymotivator-risk-isnt-convenient-any-more/"
"2013-08-05","YourMondayMotivator: Persistence - a season long story by Scott Dixon","mental-posture","","low","1713","https://glennedley.com/mondaymotivator/2013/yourmondaymotivator-persistence-a-season-long-story-by-scott-dixon/"
"2013-08-12","YourMondayMotivator: Why I'm cheering for Artemis","focus","","high","1715","https://glennedley.com/mondaymotivator/2013/yourmondaymotivator-why-im-cheering-for-artemis/"
"2013-08-19","YourMondayMotivator: Overcoming obstacles - choose carefully.","focus","","medium","1718","https://glennedley.com/mondaymotivator/2013/yourmondaymotivator-overcoming-obstacles-choose-carefully/"
"2013-08-26","YourMondayMotivator: What's in your toolbox?","focus","","low","1723","https://glennedley.com/mondaymotivator/2013/yourmondaymotivator-whats-in-your-toolbox/"
"2013-09-02","YourMondayMotivator: Fathers Day + bacon and eggs.","programming-the-mind","","low","1727","https://glennedley.com/mondaymotivator/2013/yourmondaymotivator-fathers-day-bacon-and-eggs/"
"2013-09-16","YourMondayMotivator - Work at speed","programming-the-mind","","low","1730","https://glennedley.com/mondaymotivator/2013/yourmondaymotivator-work-at-speed/"
"2013-09-23","YourMondayMotivator: A collective arrgh!","mental-posture","","low","1732","https://glennedley.com/mondaymotivator/2013/yourmondaymotivator-a-collective-arrgh/"
"2013-09-30","YourMondayMotivator: Who do you identify with?","programming-the-mind","","low","1735","https://glennedley.com/mondaymotivator/2013/yourmondaymotivator-who-do-you-identify-with/"
"2013-10-07","YourMondayMotivator: Do you really need to spend more time at work or working?","focus","","medium","1737","https://glennedley.com/mondaymotivator/2013/yourmondaymotivator-do-you-really-need-to-spend-more-time-at-work-or-working/"
"2013-10-14","YourMondayMotivator: BBQ, Bathurst and Babies + keep on keeping on.","mental-posture","","medium","1740","https://glennedley.com/mondaymotivator/2013/yourmondaymotivator-bbq-bathurst-and-babies-keep-on-keeping-on/"
"2013-10-21","YourMondayMotivator: I've got a question ...","programming-the-mind","","high","1743","https://glennedley.com/mondaymotivator/2013/youmondaymotivator-ive-got-a-question/"
"2013-10-28","YourMondayMotivator: The Centre of Your Universe","focus","","medium","1746","https://glennedley.com/mondaymotivator/2013/yourmondaymotivator-the-centre-of-your-universe/"
"2013-11-04","YourMondayMotivator: Fearing the fear","belief","","medium","1749","https://glennedley.com/mondaymotivator/2013/yourmondaymotivator-fearing-the-fear/"
"2013-11-11","YourMondayMotivator: It's not where you're from.","programming-the-mind","focus","low","1754","https://glennedley.com/mondaymotivator/2013/yourmondaymotivator-its-not-where-youre-from/"
"2013-11-18","YourMondayMotivator: How quickly can you start again?","focus","","medium","1756","https://glennedley.com/mondaymotivator/2013/yourmondaymotivator-how-quickly-can-you-start-again/"
"2013-11-25","YourMondayMotivator: Do you have to make use of a longer day?","focus","","low","1759","https://glennedley.com/mondaymotivator/2013/yourmondaymotivator-do-you-have-to-make-use-of-a-longer-day/"
"2013-12-02","YourMondayMotivator: Your place of productivity + Crashing Colossus","focus","programming-the-mind","medium","1763","https://glennedley.com/mondaymotivator/2013/yourmondaymotivator-your-place-of-productivity-crashing-colossus/"
"2013-12-09","YourMondayMotivator: Don't give up now!","mental-posture","","high","1766","https://glennedley.com/mondaymotivator/2013/yourmondaymotivator-dont-give-up-now/"
"2013-12-16","YourMondayMotivator: Whose expectations are you living up too?","belief","","high","1768","https://glennedley.com/mondaymotivator/2013/yourmondaymotivator-whose-expectations-are-you-living-up-too/"
"2013-12-23","YourMondayMotivator: Whose body is this?","focus","","high","1771","https://glennedley.com/mondaymotivator/2013/yourmondaymotivator-whos-body-is-this/"
"2013-12-30","This year will be the best year of our Life because ....","focus","","low","1774","https://glennedley.com/mondaymotivator/2013/this-year-will-be-the-best-year-of-our-life-because/"
"2014-01-06","YourMondayMotivator: We're back. Well some of us.","programming-the-mind","focus","low","1777","https://glennedley.com/mondaymotivator/2014/yourmondaymotivator-were-back-well-some-of-us/"
"2014-01-20","YourMondayMotivator: What's in a name?","mental-posture","","low","1782","https://glennedley.com/mondaymotivator/2014/yourmondaymotivator-whats-in-a-name/"
"2014-01-27","YourMondayMotivator: You need a notebook","focus","programming-the-mind","low","1784","https://glennedley.com/mondaymotivator/2014/yourmondaymotivator-you-need-a-notebook/"
"2014-02-03","YourMondayMotivator: Why I think dying sucks ... and what I'm doing about it.","programming-the-mind","","medium","1787","https://glennedley.com/mondaymotivator/2014/yourmondaymotivator-why-i-think-dying-sucks-and-what-im-doing-about-it/"
"2014-02-10","YourMondayMotivator: Knowing your fate will set you free.","belief","","low","1789","https://glennedley.com/mondaymotivator/2014/yourmondaymotivator-knowing-your-fate-will-set-you-free/"
"2014-02-17","YourMondayMotivator: So, who do you think you are?","programming-the-mind","","medium","1792","https://glennedley.com/mondaymotivator/2014/yourmondaymotivator-so-who-do-you-think-you-are/"
"2014-02-24","YourMondayMotivator: I'm annoyed","programming-the-mind","","low","1795","https://glennedley.com/mondaymotivator/2014/yourmondaymotivator-im-annoyed/"
"2014-03-03","YourMondayMotivator: Teamwork and Communication. Thoughts from the weekends Ecolight Targa Sprint.","focus","","low","1798","https://glennedley.com/mondaymotivator/2014/yourmondaymotivator-teamwork-and-communication-thoughts-from-the-weekends-ecolight-targa-s/"
"2014-03-10","YourMondayMotivator: What's up with Mondays?","programming-the-mind","","low","1800","https://glennedley.com/mondaymotivator/2014/yourmondaymotivator-whats-up-with-mondays/"
"2014-03-24","YourMondayMotivator: My drug of choice","programming-the-mind","","low","1808","https://glennedley.com/mondaymotivator/2014/yourmondaymotivator-my-drug-of-choice/"
"2014-03-31","YourMondayMotivator: Why you should practice sustained effort in things you can't do well","focus","belief","medium","1811","https://glennedley.com/mondaymotivator/2014/yourmondaymotivator-why-you-should-practice-sustained-effort-in-things-you-cant-do-well/"
"2014-04-07","YourMondayMotivator: The practice of doing good","programming-the-mind","","medium","1815","https://glennedley.com/mondaymotivator/2014/yourmondaymotivator-the-practice-of-doing-good/"
"2014-04-21","YourMondayMotivator: Cars, kids, colds, chocolate and control","focus","","low","1821","https://glennedley.com/mondaymotivator/2014/yourmondaymotivator-cars-kids-colds-chocolate-and-control/"
"2014-04-28","YourMondayMotivator: The Dan Sullivan Question","focus","","high","1824","https://glennedley.com/mondaymotivator/2014/yourmondaymotivator-the-dan-sullivan-question/"
"2014-05-05","YourMondayMotivator: Do I belong here?","focus","","low","1827","https://glennedley.com/mondaymotivator/2014/yourmondaymotivator-do-i-belong-here/"
"2014-05-26","YourMondayMotivator: Mr Consistency","focus","","high","1836","https://glennedley.com/mondaymotivator/2014/yourmondaymotivator-mr-consistency/"
"2014-05-19","YourMondayMotivator: Finished!","focus","","low","1839","https://glennedley.com/mondaymotivator/2014/yourmondaymotivator-finished/"
"2014-05-12","YourMondayMotivator: Imagine if ...","programming-the-mind","","high","1841","https://glennedley.com/mondaymotivator/2014/yourmondaymotivator-imagine-if/"
"2014-03-17","YourMondayMotivator: One BIG difference between amateurs and professionals","focus","","high","6720","https://glennedley.com/mondaymotivator/2014/the-difference-between-professional-and-amateur/"
"2014-04-14","YourMondayMotivator: Balance, why you need it.","focus","","medium","6721","https://glennedley.com/mondaymotivator/2014/yourmondaymotivator-balance-why-you-need-it/"
"2014-06-09","YourMondayMotivator: Behind every great man is a great woman?","programming-the-mind","focus","low","1831","https://glennedley.com/mondaymotivator/2014/yourmondaymotivator-behind-every-great-man-is-a-great-woman/"
"2014-06-02","YourMondayMotivator: How are you tracking?","programming-the-mind","","low","1834","https://glennedley.com/mondaymotivator/2014/yourmondaymotivator-how-are-you-tracking/"
"2014-06-16","YourMondayMotivator: On being competitive and footballers as role models","mental-posture","","low","1851","https://glennedley.com/mondaymotivator/2014/yourmondaymotivator-on-being-competitive-and-footballers-as-role-models/"
"2014-06-24","YourMondayMotivator: Questions. Lots of questions","programming-the-mind","","medium","1857","https://glennedley.com/mondaymotivator/2014/yourmondaymotivator-questions-lots-of-questions/"
"2014-06-30","YourMondayMotivator: Programming and problem solving","programming-the-mind","","high","1861","https://glennedley.com/mondaymotivator/2014/programming-problem-solving/"
"2014-07-07","YourMondayMotivator: What keeps you awake?","programming-the-mind","","medium","1870","https://glennedley.com/mondaymotivator/2014/what-keeps-you-awake/"
"2014-07-14","YourMondayMotivator: Lying for no reason","focus","","low","1874","https://glennedley.com/mondaymotivator/2014/lying-for-no-reason/"
"2014-07-21","YourMondayMotivator: I love it when a plan comes together","focus","","high","1878","https://glennedley.com/mondaymotivator/2014/love-it-when-plan-comes-together/"
"2014-07-28","YourMondayMotivator: Finding time for the fundamentals","focus","","medium","1882","https://glennedley.com/mondaymotivator/2014/finding-time-fundamentals/"
"2014-08-04","YourMondayMotivator: Let go, now","programming-the-mind","","medium","1889","https://glennedley.com/mondaymotivator/2014/let-go-now/"
"2014-08-11","YourMondayMotivator: Go with your gut","focus","","medium","1893","https://glennedley.com/mondaymotivator/2014/go-with-your-gut/"
"2014-08-18","YourMondayMotivator: I survived the weekend with a 2½ year old","focus","","high","1903","https://glennedley.com/mondaymotivator/2014/survived-weekend-with-2-c2-bd-year-old/"
"2014-09-15","YourMondayMotivator: 5 things I've learned from 10 years of writing the MondayMotivator","focus","","high","1943","https://glennedley.com/mondaymotivator/2014/5-things-learned-10-years-writing-mondaymotivator/"
"2017-05-22","The best thing about MondayMotivator was the way it changed my life","programming-the-mind","","low","3224","https://glennedley.com/mondaymotivator/2017/the-best-thing-about-mondaymotivator-was-the-way-it-changed-my-life/"
"2017-05-29","Spend some time working out what will inspire you","focus","","medium","3225","https://glennedley.com/mondaymotivator/2017/spend-some-time-working-out-what-will-inspire-you/"
"2017-06-05","Be BOLD this week.","belief","","low","3227","https://glennedley.com/mondaymotivator/2017/be-bold-this-week/"
"2017-06-12","Are the decisions you're making strengthening, or weakening?","focus","","high","3228","https://glennedley.com/mondaymotivator/2017/are-the-decisions-youre-making-strengthening-or-weakening/"
"2017-06-19","It just takes FOCUS","focus","","high","3229","https://glennedley.com/mondaymotivator/2017/it-just-takes-focus/"
"2017-06-26","Find The Hulk in you.","programming-the-mind","","low","3230","https://glennedley.com/mondaymotivator/2017/find-the-hulk-in-you/"
"2017-07-03","What is freedom to you?","mental-posture","","low","3231","https://glennedley.com/mondaymotivator/2017/what-is-freedom-to-you/"
"2017-07-10","Don't know how to relax?","focus","","low","3232","https://glennedley.com/mondaymotivator/2017/dont-know-how-to-relax/"
"2017-07-24","We all have our flaws. But that only makes our lives more rewarding.","mental-posture","","low","3234","https://glennedley.com/mondaymotivator/2017/we-all-have-our-flaws-but-that-only-makes-our-lives-more-rewarding/"
"2017-07-31","What are your favourite ways to relax?","programming-the-mind","","medium","3235","https://glennedley.com/mondaymotivator/2017/what-are-your-favourite-ways-to-relax/"
"2017-08-07","Are you a giant?","mental-posture","","low","3236","https://glennedley.com/mondaymotivator/2017/are-you-a-giant/"
"2017-08-14","How to learn to let things go.","programming-the-mind","","medium","3237","https://glennedley.com/mondaymotivator/2017/how-to-learn-to-let-things-go/"
"2017-08-21","We're all guilty of little white lies. But we shouldn't be.","focus","","low","3238","https://glennedley.com/mondaymotivator/2017/were-all-guilty-of-little-white-lies-but-we-shouldnt-be/"
"2017-08-28","Helping someone and expecting nothing back is good for you.","programming-the-mind","","low","3239","https://glennedley.com/mondaymotivator/2017/helping-someone-and-expecting-nothing-back-is-good-for-you/"
"2017-09-11","Hard work or PC platitudes?","focus","","low","3241","https://glennedley.com/mondaymotivator/2017/hard-work-or-pc-platitudes/"
"2017-09-18","We've got a big question for you - plus something new.","focus","","high","3242","https://glennedley.com/mondaymotivator/2017/weve-got-a-big-question-for-you-plus-something-new/"
"2017-09-25","How do you create balance?","focus","","medium","3243","https://glennedley.com/mondaymotivator/2017/how-do-you-create-balance/"
"2017-10-09","Going the extra mile will bring you the rewards you deserve.","mental-posture","","medium","3245","https://glennedley.com/mondaymotivator/2017/going-the-extra-mile-will-bring-you-the-rewards-you-deserve/"
"2017-10-16","Getting started is hard - but momentum will keep you going.","focus","","medium","3246","https://glennedley.com/mondaymotivator/2017/getting-started-is-hard-but-momentum-will-keep-you-going/"
"2017-10-23","Success in business is all about smiles, personal follow up & listening","focus","","low","3247","https://glennedley.com/mondaymotivator/2017/success-in-business-is-all-about-smiles-personal-follow-up-listening/"
"2017-10-30","Glenn's Ten Top Tips for Monday Motivation","focus","","medium","3248","https://glennedley.com/mondaymotivator/2017/glenns-ten-top-tips-for-monday-motivation/"
"2017-11-06","You can't force a seed to grow.","focus","","high","3249","https://glennedley.com/mondaymotivator/2017/you-cant-force-a-seed-to-grow/"
"2017-11-13","What is motivating you?","focus","","high","3250","https://glennedley.com/mondaymotivator/2017/what-is-motivating-you/"
"2017-11-20","Are you worried about something today?","focus","","high","3251","https://glennedley.com/mondaymotivator/2017/are-you-worried-about-something-today/"
"2017-07-17","Don't let your shine be dulled.","mental-posture","","low","6726","https://glennedley.com/mondaymotivator/2017/dont-let-your-shine-be-dulled/"
"2017-09-04","Imagination - the difference between humans and animals?","programming-the-mind","","high","6727","https://glennedley.com/mondaymotivator/2017/imagination-the-difference-between-humans-and-animals/"
"2017-10-02","Once you’ve grown your confidence and skills they never shrink back.","belief","","high","6728","https://glennedley.com/mondaymotivator/2017/once-youve-grown-your-confidence-and-skills-they-never-shrink-back/"
"2017-11-27","What's the difference between a moth and a cockroach?","mental-posture","","low","3252","https://glennedley.com/mondaymotivator/2017/whats-the-difference-between-a-moth-and-a-cockroach/"
"2017-12-04","Before passing judgement, remember they might be learning how to spell Mississippi.","programming-the-mind","","medium","3253","https://glennedley.com/mondaymotivator/2017/before-passing-judgement-remember-they-might-be-learning-how-to-spell-mississippi/"
"2017-12-11","Do YOU take responsibility for your actions?","mental-posture","","high","3254","https://glennedley.com/mondaymotivator/2017/do-you-take-responsibility-for-your-actions/"
"2017-12-18","A lone cookie remains on the plate... can you resist temptation?","focus","","high","3255","https://glennedley.com/mondaymotivator/2017/a-lone-cookie-remains-on-the-plate-can-you-resist-temptation/"
"2018-01-22","Are you the main character in your story?","belief","","low","3256","https://glennedley.com/mondaymotivator/2018/are-you-the-main-character-in-your-story/"
"2018-01-15","Set your goals, and aim yourself at them with enthusiasm!","focus","","high","3257","https://glennedley.com/mondaymotivator/2018/set-your-goals-and-aim-yourself-at-them-with-enthusiasm/"
"2018-02-05","Benefits of having a positive attitude!","mental-posture","","high","3259","https://glennedley.com/mondaymotivator/2018/benefits-of-having-a-positive-attitude/"
"2018-02-12","10 simple things dogs can teach us about what life is all about","focus","","medium","3260","https://glennedley.com/mondaymotivator/2018/10-simple-things-dogs-can-teach-us-about-what-life-is-all-about/"
"2018-02-19","What do a football coach and an airline boss have in common?","programming-the-mind","","low","3261","https://glennedley.com/mondaymotivator/2018/what-do-a-football-coach-and-an-airline-boss-have-in-common/"
"2018-02-26","How Desire makes difference between winning and losing","programming-the-mind","","low","3262","https://glennedley.com/mondaymotivator/2018/how-desire-makes-difference-between-winning-and-losing/"
"2018-03-05","Logic makes people think and emotion makes people act","focus","","high","3263","https://glennedley.com/mondaymotivator/2018/logic-makes-people-think-and-emotion-makes-people-act/"
"2018-03-12","Eat more ice cream.","focus","","low","3264","https://glennedley.com/mondaymotivator/2018/eat-more-ice-cream/"
"2018-03-19","Let’s go back to the basics","focus","","low","3265","https://glennedley.com/mondaymotivator/2018/lets-go-back-to-the-basics/"
"2018-04-02","Don’t be a sore loser!","mental-posture","","low","3267","https://glennedley.com/mondaymotivator/2018/dont-be-a-sore-loser/"
"2018-04-16","It’s always the small things","programming-the-mind","","medium","3269","https://glennedley.com/mondaymotivator/2018/its-always-the-small-things/"
"2018-02-07","Have faith in yourself because faith is unlimited","programming-the-mind","","high","3588","https://glennedley.com/mondaymotivator/2018/have-faith-in-yourself-because-faith-is-unlimited/"
"2018-01-29","An inspirational lesson from Steve Jobs we should all take to heart","programming-the-mind","","low","6729","https://glennedley.com/mondaymotivator/2018/an-inspirational-lesson-from-steve-jobs-we-should-all-take-to-heart/"
"2018-03-26","You are more powerful than you know","mental-posture","","medium","6730","https://glennedley.com/mondaymotivator/2018/you-are-more-powerful-than-you-know/"
"2018-04-09","Have you done enough lately?","focus","","medium","6731","https://glennedley.com/mondaymotivator/2018/have-you-done-enough-lately/"
"2018-04-23","What does being successful truly mean?","focus","","medium","6732","https://glennedley.com/mondaymotivator/2018/what-does-being-successful-truly-mean/"
"2018-04-30","Lying. We all do it. Yes we do.","focus","","low","3271","https://glennedley.com/mondaymotivator/2018/lying-we-all-do-it-yes-we-do/"
"2018-05-07","How do you sleep at night?","programming-the-mind","focus","medium","3272","https://glennedley.com/mondaymotivator/2018/how-do-you-sleep-at-night/"
"2018-05-21","Are you in the top 1% in your field?","belief","","medium","3274","https://glennedley.com/mondaymotivator/2018/are-you-in-the-top-1-in-your-field/"
"2018-05-28","If you want to succeed you have be an addict; addicted to SUCCESS","focus","","medium","3275","https://glennedley.com/mondaymotivator/2018/if-you-want-to-succeed-you-have-be-an-addict-addicted-to-success/"
"2018-06-11","Understanding what our client needs","focus","","low","3277","https://glennedley.com/mondaymotivator/2018/understanding-what-our-client-needs/"
"2018-07-23","We are the champions of the world! #notfootballrelated","focus","","high","3590","https://glennedley.com/mondaymotivator/2018/we-are-the-champions-of-the-world-notfootballrelated/"
"2018-07-23","The key to a happier life","programming-the-mind","","high","3591","https://glennedley.com/mondaymotivator/2018/the-key-to-a-happier-life/"
"2018-05-14","What’s your excuse this time?","focus","","high","6733","https://glennedley.com/mondaymotivator/2018/whats-your-excuse-this-time/"
"2018-06-04","What is Kaizen?","programming-the-mind","","medium","6734","https://glennedley.com/mondaymotivator/2018/what-is-kaizen/"
"2018-06-25","How is your sense of humour?","focus","","low","6735","https://glennedley.com/mondaymotivator/2018/how-is-your-sense-of-humour/"
"2018-09-03","Do you take responsibility for your actions?","mental-posture","","high","6742","https://glennedley.com/mondaymotivator/2018/do-you-take-responsibility-for-your-actions-2/"
"2018-08-27","What are you worried about today?","focus","","high","6743","https://glennedley.com/mondaymotivator/2018/what-are-you-worried-about-today/"
"2018-08-20","What motivates you?","focus","","high","6744","https://glennedley.com/mondaymotivator/2018/what-motivates-you/"
"2018-08-13","We’re born with two ears and one mouth.","belief","","medium","6745","https://glennedley.com/mondaymotivator/2018/were-born-with-two-ears-and-one-mouth/"
"2018-08-06","What is excellence?","belief","","high","6746","https://glennedley.com/mondaymotivator/2018/what-is-excellence/"
"2018-07-30","Life doesn’t have to be an obstacle course!","focus","","low","6747","https://glennedley.com/mondaymotivator/2018/life-doesnt-have-to-be-an-obstacle-course/"
"2018-07-16","We are the champions of the world! #notfootballrelated","focus","","high","6748","https://glennedley.com/mondaymotivator/2018/we-are-the-champions-of-the-world-notfootballrelated-2/"
"2018-07-09","The Art of Appreciation","focus","","medium","6749","https://glennedley.com/mondaymotivator/2018/the-art-of-appreciation/"
"2018-07-02","Have faith in yourself because faith is unlimited","programming-the-mind","","high","6750","https://glennedley.com/mondaymotivator/2018/have-faith-in-yourself-because-faith-is-unlimited-2/"
"2018-06-25","13 Easy Tips For Being Effective","focus","","high","6751","https://glennedley.com/mondaymotivator/2018/13-easy-tips-for-being-effective-2/"
"2019-01-14","Why You Should Say ""No"" More Often","focus","","high","3966","https://glennedley.com/mondaymotivator/2019/why-you-should-say-no-more-often/"
"2018-12-31","Happy New Year! Start living a long healthy life","focus","","high","3970","https://glennedley.com/mondaymotivator/2018/happy-new-year-start-living-a-long-healthy-life/"
"2018-12-24","Happy New Year! Start living a long healthy life","focus","","high","3972","https://glennedley.com/mondaymotivator/2018/happy-new-year-start-living-a-long-healthy-life-2/"
"2018-12-17","Want to come up with some great ideas? Check this out!","focus","","high","3974","https://glennedley.com/mondaymotivator/2018/want-to-come-up-with-some-great-ideas-check-this-out/"
"2018-12-10","Got grit? I bet you do.","focus","","low","3976","https://glennedley.com/mondaymotivator/2018/got-grit-i-bet-you-do/"
"2018-11-26","Do you take “responsibility” for your actions or play the Blame Game?","mental-posture","","high","3980","https://glennedley.com/mondaymotivator/2018/do-you-take-responsibility-for-your-actions-or-play-the-blame-game/"
"2018-11-19","Everybody Sells Strawberries 🍓🍓🍓","belief","","medium","3982","https://glennedley.com/mondaymotivator/2018/everybody-sells-strawberries-f0-9f-8d-93-f0-9f-8d-93-f0-9f-8d-93/"
"2018-11-12","Do you follow things up?","focus","","high","4000","https://glennedley.com/mondaymotivator/2018/do-you-follow-things-up/"
"2018-10-08","A reminder how simple and happy life can be","focus","","medium","6736","https://glennedley.com/mondaymotivator/2018/a-reminder-how-simple-and-happy-life-can-be/"
"2018-10-01","So, how POSITIVE are you?","mental-posture","","low","6737","https://glennedley.com/mondaymotivator/2018/so-how-positive-are-you/"
"2018-09-24","What’s the test of your true character?","belief","","low","6738","https://glennedley.com/mondaymotivator/2018/whats-the-test-of-your-true-character/"
"2018-09-17","What self-discipline exercise do you use?","focus","","high","6739","https://glennedley.com/mondaymotivator/2018/what-self-discipline-exercise-do-you-use/"
"2018-09-17","What self-discipline exercise do you use?","focus","","high","6740","https://glennedley.com/mondaymotivator/2018/what-self-discipline-exercise-do-you-use-2/"
"2018-09-10","💡 Tips to get your creative juices flowing","programming-the-mind","","low","6741","https://glennedley.com/mondaymotivator/2018/f0-9f-92-a1-tips-to-get-your-creative-juices-flowing/"
"2019-01-07","3 things to do to live with integrity","focus","","low","6752","https://glennedley.com/mondaymotivator/2019/3-things-to-do-to-live-with-integrity/"
"2018-12-03","Do you have a purpose for your life?","focus","","high","6753","https://glennedley.com/mondaymotivator/2018/do-you-have-a-purpose-for-your-life/"
"2018-11-05","Trust is the glue of relationships. So how can we build trust?","belief","focus","low","6754","https://glennedley.com/mondaymotivator/2018/trust-is-the-glue-of-relationships-so-how-can-we-build-trust/"
"2018-10-29","Glenn's Top Ten Tips to brighten up your day","focus","","medium","6755","https://glennedley.com/mondaymotivator/2018/glenns-top-ten-tips-to-brighten-up-your-day/"
"2018-10-22","How your desire makes difference between winning and losing","programming-the-mind","","low","6756","https://glennedley.com/mondaymotivator/2018/how-your-desire-makes-difference-between-winning-and-losing/"
"2018-10-15","What do a football coach and a businessman have in common?","programming-the-mind","","low","6757","https://glennedley.com/mondaymotivator/2018/what-do-a-football-coach-and-a-businessman-have-in-common/"
"2019-05-27","Getting comfortable with the uncomfortable","focus","belief","low","3900","https://glennedley.com/mondaymotivator/2019/getting-comfortable-with-the-uncomfortable/"
"2019-05-13","Moments, we all have them.","programming-the-mind","","low","3919","https://glennedley.com/mondaymotivator/2019/moments-we-all-have-them/"
"2019-05-06","Get ANGRY!","focus","","high","3924","https://glennedley.com/mondaymotivator/2019/get-angry/"
"2019-04-29","What's the difference between a moth and a cockroach?","mental-posture","","low","3931","https://glennedley.com/mondaymotivator/2019/whats-the-difference-between-a-moth-and-a-cockroach-2/"
"2019-04-22","10 Simple things Dogs can Teach us About what Life is All about","focus","","medium","3933","https://glennedley.com/mondaymotivator/2019/10-simple-things-dogs-can-teach-us-about-what-life-is-all-about-2/"
"2019-04-15","3 Ways to come up with Great Ideas 💡","focus","","high","3937","https://glennedley.com/mondaymotivator/2019/3-ways-to-come-up-with-great-ideas-f0-9f-92-a1/"
"2019-04-08","Would Your “Audience” Call You a ⭐?","mental-posture","","medium","3940","https://glennedley.com/mondaymotivator/2019/would-your-audience-call-you-a-e2-ad-90/"
"2019-04-01","💭Think BIG and Go for your Goals","focus","","medium","3942","https://glennedley.com/mondaymotivator/2019/f0-9f-92-adthink-big-and-go-for-your-goals/"
"2019-03-25","💡Tips on how can you stop procrastinating","focus","","high","3944","https://glennedley.com/mondaymotivator/2019/f0-9f-92-a1tips-on-how-can-you-stop-procrastinating/"
"2019-03-18","Thank God it’s Monday!","programming-the-mind","","medium","3946","https://glennedley.com/mondaymotivator/2019/thank-god-its-monday/"
"2019-03-11","Struggle is opportunity!","focus","","medium","3948","https://glennedley.com/mondaymotivator/2019/struggle-is-opportunity/"
"2019-03-04","No One Drifts to Success","focus","","high","3950","https://glennedley.com/mondaymotivator/2019/no-one-drifts-to-success/"
"2019-02-25","Learn How to Live Your Own Life","programming-the-mind","","medium","3952","https://glennedley.com/mondaymotivator/2019/learn-how-to-live-your-own-life/"
"2019-02-18","Some succeed, others fail... Why??","programming-the-mind","","low","3956","https://glennedley.com/mondaymotivator/2019/some-succeed-others-fail-why/"
"2019-02-11","The Importance of Relaxation","focus","","high","3958","https://glennedley.com/mondaymotivator/2019/the-importance-of-relaxation/"
"2019-02-04","How To Become Lucky In Life","focus","","high","3960","https://glennedley.com/mondaymotivator/2019/how-to-become-lucky-in-life/"
"2019-01-28","How do you decide, Emotion or Logic?","focus","","high","3962","https://glennedley.com/mondaymotivator/2019/how-do-you-decide-emotion-or-logic/"
"2019-01-21","The First Step towards Success","focus","","low","3964","https://glennedley.com/mondaymotivator/2019/the-first-step-towards-success/"
"2019-06-03","Motivate Yourself to Achieve Success","focus","","high","6758","https://glennedley.com/mondaymotivator/2019/motivate-yourself-to-achieve-success/"
"2019-05-20","The Man in the Arena","belief","","low","6759","https://glennedley.com/mondaymotivator/2019/the-man-in-the-arena/"
"2019-08-26","Finding Inspiration","focus","","low","3857","https://glennedley.com/mondaymotivator/2019/finding-inspiration/"
"2019-09-02","Never judge someone without knowing the whole story.","focus","","medium","3859","https://glennedley.com/mondaymotivator/2019/never-judge-someone-without-knowing-the-whole-story/"
"2019-08-19","You want to be successful? Start with what you have.","focus","","high","3868","https://glennedley.com/mondaymotivator/2019/you-want-to-be-successful-start-with-what-you-have/"
"2019-08-12","Keys To Gaining The Competitive Edge Over Your Competition","focus","","high","3870","https://glennedley.com/mondaymotivator/2019/keys-to-gaining-the-competitive-edge-over-your-competition/"
"2019-08-05","I’ve got something really exciting to share with you today…","mental-posture","","medium","3879","https://glennedley.com/mondaymotivator/2019/ive-got-something-really-exciting-to-share-with-you-today/"
"2019-07-29","Self Belief - What is it?","belief","","high","3881","https://glennedley.com/mondaymotivator/2019/self-belief-what-is-it/"
"2019-07-22","The value of Thank You","belief","","low","3884","https://glennedley.com/mondaymotivator/2019/the-value-of-thank-you/"
"2019-07-15","Are you living your best life?","programming-the-mind","","medium","3886","https://glennedley.com/mondaymotivator/2019/are-you-living-your-best-life/"
"2019-07-08","Our Struggle, Our Opportunity!","focus","","medium","3888","https://glennedley.com/mondaymotivator/2019/our-struggle-our-opportunity/"
"2019-07-01","A Tale of Nails 🔨","mental-posture","","low","3890","https://glennedley.com/mondaymotivator/2019/a-tale-of-nails-f0-9f-94-a8/"
"2019-06-24","What is the BEST Marketing about?","focus","","medium","3892","https://glennedley.com/mondaymotivator/2019/what-is-the-best-marketing-about/"
"2019-06-17","Does teamwork really make the dream work?","belief","","medium","3894","https://glennedley.com/mondaymotivator/2019/does-teamwork-really-make-the-dream-work/"
"2019-06-10","Do you live in Prime Time? ⏱️","focus","","medium","3896","https://glennedley.com/mondaymotivator/2019/do-you-live-in-prime-time-e2-8f-b1-ef-b8-8f/"
"2019-09-09","What exactly do successful people do?","belief","","high","3986","https://glennedley.com/mondaymotivator/2019/successful-people-what-exactly-they-do/"
"2019-09-16","Keep Moving Forward ➡️","programming-the-mind","","medium","3998","https://glennedley.com/mondaymotivator/2019/keep-moving-forward-e2-9e-a1-ef-b8-8f/"
"2019-09-22","Be Happy and 😊","mental-posture","","low","4005","https://glennedley.com/mondaymotivator/2019/be-happy-and-f0-9f-98-8a/"
"2019-09-29","Excellence can be attained if you...","belief","","high","4007","https://glennedley.com/mondaymotivator/2019/excellence-can-be-attained-if-you/"
"2019-10-06","Today Is Your Lucky Day!","focus","","high","4011","https://glennedley.com/mondaymotivator/2019/today-is-your-lucky-day/"
"2019-10-13","Opportunity is like luck","programming-the-mind","","high","4013","https://glennedley.com/mondaymotivator/2019/opportunity-is-like-luck/"
"2019-10-20","What Motivates you to go to Work?","programming-the-mind","belief","low","4018","https://glennedley.com/mondaymotivator/2019/what-motivates-you-to-go-to-work/"
"2019-11-03","Smiles = Sales","programming-the-mind","","medium","4022","https://glennedley.com/mondaymotivator/2019/smiles-sales/"
"2019-11-17","For you this week - BHAG’s","focus","","high","4026","https://glennedley.com/mondaymotivator/2019/for-you-this-week-bhags/"
"2019-11-24","The first rule of decision making","focus","","high","4030","https://glennedley.com/mondaymotivator/2019/the-first-rule-of-decision-making/"
"2019-12-01","I love a good story...","belief","mental-posture","medium","4032","https://glennedley.com/mondaymotivator/2019/i-love-a-good-story/"
"2019-12-08","Why do clients choose one business over another? 🤔","programming-the-mind","","medium","4034","https://glennedley.com/mondaymotivator/2019/why-do-clients-choose-one-business-over-another-f0-9f-a4-94/"
"2019-12-15","Build Life-Changing Habits Through Tiny Changes","programming-the-mind","","medium","4037","https://glennedley.com/mondaymotivator/2019/build-life-changing-habits-through-tiny-changes/"
"2019-12-22","Thank you. These two words change lives.","programming-the-mind","","medium","4040","https://glennedley.com/mondaymotivator/2019/thank-you-these-two-words-change-lives/"
"2020-01-05","Do you ever ask yourself, “How did I get here?”","mental-posture","","low","4047","https://glennedley.com/mondaymotivator/2020/how-did-i-get-here/"
"2020-01-19","You have more influence than what you think you do","programming-the-mind","","low","4051","https://glennedley.com/mondaymotivator/2020/you-have-more-influence-than-what-you-think-you-do/"
"2020-01-27","What can I praise them for?","focus","","medium","4054","https://glennedley.com/mondaymotivator/2020/what-can-i-praise-them-for/"
"2020-02-02","Bursting your bubble","focus","","low","4071","https://glennedley.com/mondaymotivator/2020/bursting-your-bubble/"
"2020-02-09","Do one thing at a time","focus","programming-the-mind","low","4073","https://glennedley.com/mondaymotivator/2020/do-one-thing-at-a-time/"
"2020-02-16","Thoughts on thoughts","mental-posture","","low","4076","https://glennedley.com/mondaymotivator/2020/thoughts-on-thoughts/"
"2020-02-23","Knowing your style of communication","programming-the-mind","","low","4078","https://glennedley.com/mondaymotivator/2020/knowing-your-style-of-communication/"
"2020-03-01","Growing with Goals","focus","","high","4080","https://glennedley.com/mondaymotivator/2020/growing-with-goals/"
"2020-03-08","What does the news give you?","focus","mental-posture","medium","4082","https://glennedley.com/mondaymotivator/2020/what-does-the-news-give-you/"
"2019-10-28","Creating your Momentum","focus","","medium","6760","https://glennedley.com/mondaymotivator/2019/creating-your-momentum/"
"2019-11-10","What did we learn from high school?","programming-the-mind","","high","6761","https://glennedley.com/mondaymotivator/2019/what-did-we-learn-from-high-school/"
"2019-12-29","Do you keep up a facade?","belief","","high","6762","https://glennedley.com/mondaymotivator/2019/do-you-keep-up-a-facade/"
"2020-01-12","How to enjoy the view","focus","","high","6763","https://glennedley.com/mondaymotivator/2020/how-to-enjoy-the-view/"
"2020-03-15","Whatever you are doing don’t stop now","focus","","low","4084","https://glennedley.com/mondaymotivator/2020/whatever-you-are-doing-dont-stop-now/"
"2020-03-22","How is your sense of humour right now?","mental-posture","","medium","4086","https://glennedley.com/mondaymotivator/2020/how-is-your-sense-of-humour-right-now/"
"2020-04-07","The Elephant and the Stake","programming-the-mind","","high","4096","https://glennedley.com/mondaymotivator/2020/the-elephant-and-the-stake/"
"2020-04-01","We are what we repeatedly do","programming-the-mind","focus","low","4098","https://glennedley.com/mondaymotivator/2020/we-are-what-we-repeatedly-do/"
"2020-04-12","What’s my purpose in life?","focus","","high","4105","https://glennedley.com/mondaymotivator/2020/what-is-my-purpose-in-life/"
"2020-04-20","It’s the last 5% to 15%","programming-the-mind","","low","4499","https://glennedley.com/mondaymotivator/2020/its-the-last-5-to-15/"
"2020-04-27","It's all in the details... my first car related post for some time ;)","focus","","medium","4532","https://glennedley.com/mondaymotivator/2020/its-all-in-the-details-my-first-car-related-post-for-some-time/"
"2020-05-04","How to be unique in a mediocre world","programming-the-mind","","medium","4557","https://glennedley.com/mondaymotivator/2020/how-to-be-unique-in-a-mediocre-world/"
"2020-05-18","On being consistent","focus","","high","6767","https://glennedley.com/mondaymotivator/2020/on-being-consistent/"
"2020-05-25","On freedom and how we get to it","belief","","high","6770","https://glennedley.com/mondaymotivator/2020/on-freedom-and-how-we-get-to-it/"
"2020-06-02","Be A Good Example To Your Children","focus","programming-the-mind","medium","6776","https://glennedley.com/mondaymotivator/2020/be-a-good-example-to-your-children/"
"2020-06-08","They’re always listening to you","belief","","low","6782","https://glennedley.com/mondaymotivator/2020/theyre-always-listening-to-you/"
"2020-06-15","The biggest lies are always told to yourself","programming-the-mind","","low","6787","https://glennedley.com/mondaymotivator/2020/the-biggest-lies-are-always-told-to-yourself/"
"2020-06-22","Do you have a process for everything?","focus","","high","6795","https://glennedley.com/mondaymotivator/2020/do-you-have-a-process-for-everything/"
"2020-06-29","On being a verb","focus","belief","low","6800","https://glennedley.com/mondaymotivator/2020/on-being-a-verb/"
"2020-07-06","This week's MondayMotivator on goals and being here before","focus","","high","6806","https://glennedley.com/mondaymotivator/2020/this-weeks-mondaymotivator-on-goals-and-being-here-before/"
"2020-07-13","This week's MondayMotivator on keeping promises","focus","","medium","6812","https://glennedley.com/mondaymotivator/2020/this-weeks-mondaymotivator-on-keeping-promises/"
"2020-07-27","This week's MondayMotivator - What happened when I finished 75Hard","focus","","high","6817","https://glennedley.com/mondaymotivator/2020/when-i-finished-75hard/"
"2020-08-03","This week's MondayMotivator – Uh oh! I'm late with today's MondayMotivator","programming-the-mind","","low","8244","https://glennedley.com/mondaymotivator/2020/im-late-with-todays-mondaymotivator/"
"2020-08-10","This week's MondayMotivator – Habits and what happens when we lose them 😨","programming-the-mind","","high","8248","https://glennedley.com/mondaymotivator/2020/habits-and-what-happens-when-we-lose-them/"
"2020-08-31","Today's MondayMotivator: Why do people choose the easy thing?","focus","","medium","6818","https://glennedley.com/mondaymotivator/2020/why-do-people-choose-the-easy-thing/"
"2020-09-28","Today's MondayMotivator - In praise of effort","focus","","high","6819","https://glennedley.com/mondaymotivator/2020/in-praise-of-effort/"
"2020-09-21","This week's MondayMotivator - There is no-one coming","focus","","high","6820","https://glennedley.com/mondaymotivator/2020/this-weeks-mondaymotivator-there-is-no-one-coming/"
"2020-09-14","This week's MondayMotivator - Count down from 5… slowly","focus","","high","6821","https://glennedley.com/mondaymotivator/2020/this-weeks-mondaymotivator-count-down-from-5-slowly/"
"2020-09-07","This week's MondayMotivator – Is what you’re doing right now going to get you where you want to go?","belief","","medium","6822","https://glennedley.com/mondaymotivator/2020/is-what-youre-doing-right-now/"
"2020-08-17","This week's MondayMotivator – Reading. I love it!","programming-the-mind","","medium","8250","https://glennedley.com/mondaymotivator/2020/reading-i-love-it/"
"2020-08-24","This week's MondayMotivator – Are you still going for the gap?","focus","","medium","8253","https://glennedley.com/mondaymotivator/2020/are-you-still-going-for-the-gap/"
"2020-10-12","This week's MondayMotivator – Choose your words, carefully 🤔","programming-the-mind","focus","medium","8261","https://glennedley.com/mondaymotivator/2020/choose-your-words-carefully/"
"2021-01-18","This week's MondayMotivator – Welcome to a new year!","focus","","high","8263","https://glennedley.com/mondaymotivator/2021/welcome-to-a-new-year/"
"2021-01-25","This week's MondayMotivator – Why do goals need to be BIG to be useful?","focus","","high","8266","https://glennedley.com/mondaymotivator/2021/why-do-goals-need-to-be-big-to-be-useful/"
"2021-02-15","Today's MondayMotivator: Timely words from Epictetus","programming-the-mind","","medium","8279","https://glennedley.com/mondaymotivator/2021/todays-mondaymotivator-timely-words-from-epictetus/"
"2021-03-08","Today's MondayMotivator: Your most prized possession. And no, it’s not a material object.","programming-the-mind","","high","8405","https://glennedley.com/mondaymotivator/2021/your-most-prized-possession/"
"2021-03-15","There's no time like the present to ________. [fill in the blank]","programming-the-mind","","high","8564","https://glennedley.com/mondaymotivator/2021/theres-no-time-like-the-present-to-fill-in-the-blank/"
"2021-03-22","It’s not your fault… but then it is. Curious?","programming-the-mind","","high","8574","https://glennedley.com/mondaymotivator/2021/its-not-your-fault/"
"2021-03-29","Today's MondayMotivator: Never negotiate your goals","focus","","medium","8588","https://glennedley.com/mondaymotivator/2021/never-negotiate-your-goals/"
"2021-04-12","Today's MondayMotivator: Want to stick to your rules? Make it personal","programming-the-mind","","low","8601","https://glennedley.com/mondaymotivator/2021/todays-mondaymotivator-want-to-stick-to-your-rules-make-it-personal/"
"2021-04-19","Another big difference between an Amateur and a Pro","programming-the-mind","","medium","8609","https://glennedley.com/mondaymotivator/2021/another-big-difference-between-an-amateur-and-a-pro/"
"2021-05-03","Today's MondayMotivator: What happens when the stain won't come out?","belief","","low","8615","https://glennedley.com/mondaymotivator/2021/what-happens-when-the-stain-wont-come-out/"
"2021-05-13","Seize the day! By the scruff of the neck if necessary.","focus","","medium","8625","https://glennedley.com/mondaymotivator/2021/seize-the-day-by-the-scruff-of-the-neck-if-necessary/"
"2021-05-17","What I learned from someone keying my car","programming-the-mind","","low","8807","https://glennedley.com/mondaymotivator/2021/what-i-learned-from-someone-keying-my-car/"
"2021-05-24","What’s better, quality or quantity?","belief","","low","8812","https://glennedley.com/mondaymotivator/2021/whats-better-quality-or-quantity/"
"2021-05-31","What are you conditioned to think?","programming-the-mind","focus","medium","8815","https://glennedley.com/mondaymotivator/2021/what-are-you-conditioned-to-think/"
"2021-06-14","It really is the little things…","focus","","low","8818","https://glennedley.com/mondaymotivator/2021/it-really-is-the-little-things/"
"2021-06-21","Thinking gain not lack","programming-the-mind","","high","8821","https://glennedley.com/mondaymotivator/2021/thinking-gain-not-lack/"
"2021-06-28","What’s important to you?","focus","","high","8824","https://glennedley.com/mondaymotivator/2021/whats-important-to-you/"
"2021-07-05","I don’t care about your motivation!","programming-the-mind","","low","8827","https://glennedley.com/mondaymotivator/2021/i-dont-care-about-your-motivation/"
"2021-07-12","Now! The right time is now.","focus","programming-the-mind","medium","8830","https://glennedley.com/mondaymotivator/2021/now-the-right-time-is-now/"
"2020-12-14","Today's MondayMotivator: It’s a time to be grateful","programming-the-mind","mental-posture","low","8867","https://glennedley.com/mondaymotivator/2020/todays-mondaymotivator-its-a-time-to-be-grateful/"
"2021-07-19","Who are you competing with? A personal growth hack.","focus","","high","8873","https://glennedley.com/mondaymotivator/2021/who-are-you-competing-with-2/"
"2021-02-22","A few thoughts on ‘success’","focus","","low","8959","https://glennedley.com/mondaymotivator/2021/a-few-thoughts-on-success/"
"2021-07-26","di-TUR-muh-NAY-shuhn. An explanation and why you need it","focus","","high","8988","https://glennedley.com/mondaymotivator/2021/di-tur-muh-nay-shuhn-an-explanation-and-why-you-need-it/"
"2021-08-02","Want to know why New Zealand isn’t growing like it could be?","focus","","medium","8992","https://glennedley.com/mondaymotivator/2021/want-to-know-why-new-zealand-isnt-growing-like-it-could-be/"
"2021-08-09","Do you feel the world is treating you well?","mental-posture","","high","9000","https://glennedley.com/mondaymotivator/2021/do-you-feel-the-world-is-treating-you-well/"
"2021-08-16","Starting again. And again. And again.","focus","","medium","9011","https://glennedley.com/mondaymotivator/2021/starting-again-and-again-and-again/"
"2021-08-23","Lessons from lockdown? Not today.","programming-the-mind","","medium","9015","https://glennedley.com/mondaymotivator/2021/lessons-from-lockdown-not-today/"
"2021-08-30","What a 9-year-old thinks about lockdown","programming-the-mind","","low","9044","https://glennedley.com/mondaymotivator/2021/what-a-9-year-old-thinks-about-lockdown/"
"2021-09-13","When things fall apart and there’s no King's men to pick you up","programming-the-mind","","medium","9161","https://glennedley.com/mondaymotivator/2021/when-things-fall-apart-and-theres-no-kings-men-to-pick-you-up/"
"2021-09-20","It's obvious!","programming-the-mind","","low","9165","https://glennedley.com/mondaymotivator/2021/its-obvious/"
"2021-09-27","Where are your manners?","focus","","low","9168","https://glennedley.com/mondaymotivator/2021/where-are-your-manners/"
"2021-10-11","Making it personal + a small business rant","focus","","medium","9170","https://glennedley.com/mondaymotivator/2021/making-it-personal-a-small-business-rant/"
"2021-10-18","Back to goals, parachutes and thinking big-ly","programming-the-mind","focus","medium","9173","https://glennedley.com/mondaymotivator/2021/back-to-goals-parachutes-and-thinking-big-ly/"
"2021-11-01","Working on my attitude","mental-posture","","high","9176","https://glennedley.com/mondaymotivator/2021/working-on-my-attitude/"
"2021-11-08","Trying new things sucks. But you should do it anyway.","focus","belief","medium","9384","https://glennedley.com/mondaymotivator/2021/trying-new-things-sucks-but-you-should-do-it-anyway/"
"2021-11-15","How can you expect someone else to do what you won’t do yourself?","focus","","medium","9387","https://glennedley.com/mondaymotivator/2021/how-can-you-expect-someone-else-to-do-what-you-wont-do-yourself/"
"2021-12-06","Don’t get distracted. Pay attention. Real attention.","focus","","high","9391","https://glennedley.com/mondaymotivator/2021/dont-get-distracted-pay-attention-real-attention/"
"2021-12-13","You don’t have to be extravagant or over the top to be a star.","mental-posture","","medium","9393","https://glennedley.com/mondaymotivator/2021/you-dont-have-to-be-extravagant-or-over-the-top-to-be-a-star/"
"2021-12-20","I am here!","programming-the-mind","","low","9396","https://glennedley.com/mondaymotivator/2021/i-am-here/"
"2022-01-10","Make this year the best year of your life","focus","programming-the-mind","low","9399","https://glennedley.com/mondaymotivator/2022/make-this-year-the-best-year-of-your-life/"
"2022-01-17","Who makes the most money from email?","programming-the-mind","","low","9402","https://glennedley.com/mondaymotivator/2022/who-makes-the-most-money-from-email/"
"2022-01-24","If something is out of your control then move on. Forget it.","focus","","high","9405","https://glennedley.com/mondaymotivator/2022/if-something-is-out-of-your-control-then-move-on-forget-it/"
"2022-02-14","Your attitude is what counts","mental-posture","","high","9408","https://glennedley.com/mondaymotivator/2022/your-attitude-is-what-counts/"
"2022-02-21","An excellent email from a MondayMotivator reader","focus","","high","9411","https://glennedley.com/mondaymotivator/2022/an-excellent-email-from-a-mondaymotivator-reader/"
"2022-02-28","What makes you stop procrastinating?","focus","","high","9414","https://glennedley.com/mondaymotivator/2022/what-makes-you-stop-procrastinating/"
"2022-03-07","3 ways to kickstart your mojo 💪","mental-posture","","low","9417","https://glennedley.com/mondaymotivator/2022/heres-an-idea-for-3-things-to-do-this-week/"
"2022-03-14","Creating habits to get what you want","programming-the-mind","","high","9421","https://glennedley.com/mondaymotivator/2022/creating-habits-to-get-what-you-want/"
"2022-04-11","Priorities trump everything","programming-the-mind","","high","9425","https://glennedley.com/mondaymotivator/2022/priorities-trump-everything/"
"2022-06-08","Top 5 Email Marketing Best Practices for 2022","focus","","high","9426","https://glennedley.com/mondaymotivator/2022/top-5-email-marketing-best-practices-for-2022/"
"2022-06-09","Why you should start a Friends Newsletter","focus","","high","9431","https://glennedley.com/mondaymotivator/2022/why-you-should-start-a-friends-newsletter/"
"2022-06-20","We’re almost halfway so it’s time to check your design is right","focus","","high","9481","https://glennedley.com/mondaymotivator/2022/were-almost-halfway-so-its-time-to-check-your-design-is-right/"
"2022-06-27","Challenge yourself. How I did 15k Hindu Squats","focus","","medium","9485","https://glennedley.com/mondaymotivator/2022/challenge-yourself-how-i-did-15k-hindu-squats/"
"2022-07-04","What drives you?","focus","belief","high","9491","https://glennedley.com/mondaymotivator/2022/what-drives-you/"
"2022-07-12","The Four Factors [reading time 1 mins 48 secs]","programming-the-mind","mental-posture","high","9518","https://glennedley.com/mondaymotivator/2022/the-four-factors/"
"2022-07-18","The strange power of Belief","belief","programming-the-mind","high","9525","https://glennedley.com/mondaymotivator/2022/the-strange-power-of-belief/"
"2022-08-01","Make it happen!","belief","","medium","9639","https://glennedley.com/mondaymotivator/2022/make-it-happen/"
"2022-08-08","Why Should I?","belief","mental-posture","medium","9646","https://glennedley.com/mondaymotivator/2022/why-should-i/"
"2022-08-15","What a Great Future","belief","focus","medium","9654","https://glennedley.com/mondaymotivator/2022/what-a-great-future/"
"2022-08-22","Conditioning Yourself to Win","programming-the-mind","","high","9717","https://glennedley.com/mondaymotivator/2022/conditioning-yourself-to-win/"
"2022-08-29","Stop with the Lame Duck excuses!","focus","belief","low","9722","https://glennedley.com/mondaymotivator/2022/stop-with-the-lame-duck-excuses/"
"2022-09-05","Better Performance Means More Profits","belief","","high","9728","https://glennedley.com/mondaymotivator/2022/better-performance-means-more-profits/"
"2022-09-12","The Six Principles of Winners","belief","","high","9763","https://glennedley.com/mondaymotivator/2022/the-six-principles-of-winners/"
"2022-09-19","Beware the Dream Stealers","belief","","high","9835","https://glennedley.com/mondaymotivator/2022/beware-the-dream-stealers/"
"2022-09-27","Do you have a communication problem?","belief","","high","9841","https://glennedley.com/mondaymotivator/2022/do-you-have-a-communication-problem/"
"2022-10-03","Having Greater Purpose in Life","focus","","high","9846","https://glennedley.com/mondaymotivator/2022/having-greater-purpose-in-life/"
"2022-10-10","A New Perception","belief","programming-the-mind","medium","9855","https://glennedley.com/mondaymotivator/2022/a-new-perception/"
"2022-11-07","Motivation versus Inspiration","programming-the-mind","focus","low","9862","https://glennedley.com/mondaymotivator/2022/motivation-versus-inspiration/"
"2022-11-14","Do you know the three things that make up your attitude toward life?","programming-the-mind","belief","high","9866","https://glennedley.com/mondaymotivator/2022/do-you-know-the-three-things-that-make-up-your-attitude-toward-life/"
"2022-11-21","You will only grow as high as your standards","programming-the-mind","","high","9869","https://glennedley.com/mondaymotivator/2022/you-will-only-grow-as-high-as-your-standards/"
"2022-11-28","The story of two seeds","belief","","high","9874","https://glennedley.com/mondaymotivator/2022/the-story-of-two-seeds/"
"2022-12-05","Should you listen to experts? Part 1","belief","programming-the-mind","low","9878","https://glennedley.com/mondaymotivator/2022/should-you-listen-to-experts-part-1/"
"2022-12-12","How do you form your opinions? And, are they worth a damn? Part 2","focus","","low","9882","https://glennedley.com/mondaymotivator/2022/how-do-you-form-your-opinions-and-are-they-worth-a-damn-part-2/"
"2022-12-19","Why don’t you change?! Yep, like it is that easy.","focus","mental-posture","high","10058","https://glennedley.com/mondaymotivator/2022/why-dont-you-change-yep-like-it-is-that-easy/"
"2023-02-06","Welcome to 2023: My Three Key Takeaways from the Bible","programming-the-mind","","medium","10077","https://glennedley.com/mondaymotivator/2023/welcome-to-2023-my-three-key-takeaways-from-the-bible/"
"2023-02-13","The BIG Turnaround - make it happen!","focus","","high","10088","https://glennedley.com/mondaymotivator/2023/the-big-turnaround-make-it-happen/"
"2023-02-20","The Power of Adaptation: Embracing Change in Business and Life","programming-the-mind","","high","10096","https://glennedley.com/mondaymotivator/2023/the-power-of-adaptation-embracing-change-in-business-and-life/"
"2023-03-06","The true sense of achievement and the importance of persistence","focus","mental-posture","low","10102","https://glennedley.com/mondaymotivator/2023/the-true-sense-of-achievement-and-the-importance-of-persistence/"
"2023-03-13","Potential: Or, Becoming More Than You Think Possible","programming-the-mind","belief","medium","10124","https://glennedley.com/mondaymotivator/2023/potential-or-becoming-more-than-you-think-possible/"
"2023-03-20","Are you possessed by a god?","focus","mental-posture","medium","10128","https://glennedley.com/mondaymotivator/2023/are-you-possessed-by-a-god/"
"2023-03-27","Unlock the Power of Your Emotions: Understanding the Brain's Role","programming-the-mind","","high","10152","https://glennedley.com/mondaymotivator/2023/unlock-the-power-of-your-emotions-understanding-the-brains-role/"
"2023-04-03","5 Habits of Highly Successful People","programming-the-mind","","high","10156","https://glennedley.com/mondaymotivator/2023/5-habits-of-highly-successful-people/"
"2023-04-17","Get Inspired to Take Action: This Week's MondayMotivator","focus","","high","10162","https://glennedley.com/mondaymotivator/2023/get-inspired-to-take-action/"
"2023-04-20","What is the #swearingproject?","programming-the-mind","","medium","10172","https://glennedley.com/mondaymotivator/2023/what-is-the-swearingproject/"
"2023-04-24","Spice Up Your Daily Routine: Tips for Adding Fun to Your Day","belief","","high","10178","https://glennedley.com/mondaymotivator/2023/spice-up-your-daily-routine-tips-for-adding-fun-to-your-day/"
"2023-05-01","How to Take Control of Your Life and Overcome Negative Thinking","programming-the-mind","","high","10182","https://glennedley.com/mondaymotivator/2023/how-to-take-control-of-your-life-and-overcome-negative-thinking/"
"2023-05-08","Are you an Achiever Or Underachiever?","programming-the-mind","","low","10187","https://glennedley.com/mondaymotivator/2023/are-you-an-achiever-or-underachiever/"
"2023-05-15","From One Mountain to the Next: A Reminder to Keep Pushing Forward","belief","","high","10191","https://glennedley.com/mondaymotivator/2023/from-one-mountain-to-the-next-a-reminder-to-keep-pushing-forward/"
"2023-05-22","Opinions aren’t worth a damn","belief","mental-posture","low","10196","https://glennedley.com/mondaymotivator/2023/opinions-arent-worth-a-damn/"
"2023-05-29","Boxing With Boredom","programming-the-mind","","high","10209","https://glennedley.com/mondaymotivator/2023/boxing-with-boredom/"
"2023-06-05","Shifting Focus: From Self-Doubt to Self-Trust","belief","focus","high","10214","https://glennedley.com/mondaymotivator/2023/shifting-focus-from-self-doubt-to-self-trust/"
"2023-06-12","Looking for peace and happiness in the midst of problems & challenges?","mental-posture","","high","10219","https://glennedley.com/mondaymotivator/2023/looking-for-peace-and-happiness-in-the-midst-of-problems-and-challenges/"
"2023-06-19","How to Get From Fear to Success","belief","","high","10224","https://glennedley.com/mondaymotivator/2023/how-to-get-from-fear-to-success/"
"2023-06-29","How To Decide Your Purpose","focus","","high","10229","https://glennedley.com/mondaymotivator/2023/how-to-decide-your-purpose/"
"2023-07-03","Determination","focus","","low","10235","https://glennedley.com/mondaymotivator/2023/determination/"
"2023-07-10","Never Curb Your Enthusiasm","programming-the-mind","","low","10251","https://glennedley.com/mondaymotivator/2023/never-curb-your-enthusiasm/"
"2023-07-17","Embracing Challenges","programming-the-mind","focus","low","10256","https://glennedley.com/mondaymotivator/2023/embracing-challenges/"
"2023-07-24","To err is human","mental-posture","","medium","10261","https://glennedley.com/mondaymotivator/2023/to-err-is-human/"
"2023-07-31","Give Yourself Another Chance!","mental-posture","","medium","10264","https://glennedley.com/mondaymotivator/2023/give-yourself-another-chance/"
"2023-08-07","Gossip – Much Ado About Nothing","belief","","medium","10268","https://glennedley.com/mondaymotivator/2023/gossip-much-ado-about-nothing/"
"2023-08-14","Appreciate What You Have","mental-posture","","high","10272","https://glennedley.com/mondaymotivator/2023/appreciate-what-you-have/"
"2023-08-21","Hey! Hands Up Those Who Want To Be Sick?","programming-the-mind","","high","10280","https://glennedley.com/mondaymotivator/2023/hey-hands-up-those-who-want-to-be-sick/"
"2023-08-28","You are more than your faults","focus","","high","10286","https://glennedley.com/mondaymotivator/2023/you-are-more-than-your-faults/"
"2023-09-04","On happiness and how to keep it","mental-posture","","high","10293","https://glennedley.com/mondaymotivator/2023/on-happiness-and-how-to-keep-it/"
"2023-09-11","Good health to you!","focus","mental-posture","medium","10298","https://glennedley.com/mondaymotivator/2023/good-health-to-you/"
"2023-09-18","You can always hope","belief","mental-posture","medium","10310","https://glennedley.com/mondaymotivator/2023/you-can-always-hope/"
"2023-09-26","Why Life Isn't Fair, and What You Can Do About It","focus","","high","10328","https://glennedley.com/mondaymotivator/2023/why-life-isnt-fair/"
"2023-10-02","Activity overcomes inability","focus","programming-the-mind","medium","10332","https://glennedley.com/mondaymotivator/2023/activity-overcomes-inability/"
"2023-10-09","Overcome Loneliness with Meaningful Connections","focus","","low","10337","https://glennedley.com/mondaymotivator/2023/overcome-loneliness-with-meaningful-connections/"
"2023-10-16","A Roadmap to Achieving Your Goals","focus","","high","10340","https://glennedley.com/mondaymotivator/2023/a-roadmap-to-achieving-your-goals/"
"2023-10-30","Mirror, Mirror On The Wall - Healthy Illusions","belief","","high","10353","https://glennedley.com/mondaymotivator/2023/mirror-mirror-on-the-wall-healthy-illusions/"
"2023-11-06","How to deal with Peer Pressure","belief","","low","10356","https://glennedley.com/mondaymotivator/2023/how-to-deal-with-peer-pressure/"
"2023-11-13","More Problems = More Success","mental-posture","","medium","10361","https://glennedley.com/mondaymotivator/2023/more-problems-more-success/"
"2023-11-20","Quiet Times","programming-the-mind","focus","low","10366","https://glennedley.com/mondaymotivator/2023/quiet-times/"
"2023-11-27","Resolutions and other promises that don't hold water","focus","","high","10373","https://glennedley.com/mondaymotivator/2023/resolutions-and-other-promises-that-dont-hold-water/"
"2023-12-04","How I recover from failure","mental-posture","","medium","10396","https://glennedley.com/mondaymotivator/2023/how-i-recover-from-failure/"
"2023-12-11","Responsibility – Whose Job Is It Anyway?","mental-posture","","high","10424","https://glennedley.com/mondaymotivator/2023/responsibility-whose-job-is-it-anyway/"
"2023-12-18","The Reward Of Steady Effort","focus","","high","10429","https://glennedley.com/mondaymotivator/2023/the-reward-of-steady-effort/"
"2024-01-15","Success Takes Time","focus","","high","10436","https://glennedley.com/mondaymotivator/2024/success-takes-time/"
"2024-01-19","Understanding Gmail and Yahoo DMARC Requirements","focus","","medium","10441","https://glennedley.com/mondaymotivator/2024/yahoo-and-google-dmarc-required/"
"2024-01-22","The Challenge Of Change","programming-the-mind","mental-posture","medium","10449","https://glennedley.com/mondaymotivator/2024/the-challenge-of-change/"
"2024-02-05","The Gift Of Life","focus","","high","10454","https://glennedley.com/mondaymotivator/2024/the-gift-of-life/"
"2024-02-12","Do you use the Power of Emotions?","mental-posture","","high","10468","https://glennedley.com/mondaymotivator/2024/do-you-use-the-power-of-emotions/"
"2024-02-26","The leaky pipe and mental load of life admin","programming-the-mind","focus","low","10473","https://glennedley.com/mondaymotivator/2024/the-leaky-pipe-and-mental-load-of-life-admin/"
"2024-03-04","Don't Let Comfort Kill Your Success!","mental-posture","","low","10478","https://glennedley.com/mondaymotivator/2024/dont-let-comfort-kill-your-success/"
"2024-03-25","The Power Of Praise","focus","","low","10487","https://glennedley.com/mondaymotivator/2024/the-power-of-praise/"
"2024-04-15","Time Stealers","focus","","medium","10543","https://glennedley.com/mondaymotivator/2024/time-stealers/"
"2024-04-22","True Love","belief","","medium","10622","https://glennedley.com/mondaymotivator/2024/true-love/"
"2024-04-29","You Are Beautiful","focus","mental-posture","low","10628","https://glennedley.com/mondaymotivator/2024/you-are-beautiful/"
"2024-05-06","Your Sixth Sense","programming-the-mind","","low","10662","https://glennedley.com/mondaymotivator/2024/your-sixth-sense/"
"2024-05-13","10 Rules To Keep Focuses","focus","","high","10938","https://glennedley.com/mondaymotivator/2024/10-rules-to-keep-focuses/"
"2024-05-20","The Spy Trick That Changes Everything: Perception vs. Perspective","mental-posture","","high","10942","https://glennedley.com/mondaymotivator/2024/the-spy-trick-that-changes-everything-perception-vs-perspective/"
"2024-05-27","Success, now!","focus","","low","10946","https://glennedley.com/mondaymotivator/2024/success-now/"
"2024-06-24","Steve Jobs Wisdom and The Power of Attitude and Purpose","focus","mental-posture","medium","10950","https://glennedley.com/mondaymotivator/2024/steve-jobs-wisdom-and-the-power-of-attitude-and-purpose/"
"2024-07-01","Wants and Don’t Wants","focus","","high","10954","https://glennedley.com/mondaymotivator/2024/wants-and-dont-wants/"
"2024-07-08","It’s a Parade of Humanity!","focus","","high","10958","https://glennedley.com/mondaymotivator/2024/its-a-parade-of-humanity/"
"2024-07-15","That’s What I Said – But It’s Not What I Mean!","programming-the-mind","","high","10962","https://glennedley.com/mondaymotivator/2024/thats-what-i-said-but-its-not-what-i-mean/"
"2024-07-22","Activity Gets Things Going","focus","","high","11054","https://glennedley.com/mondaymotivator/2024/activity-gets-things-going/"
"2024-07-29","Is Your Appearance Attracting Or Repelling?","mental-posture","","low","11097","https://glennedley.com/mondaymotivator/2024/is-your-appearance-attracting-or-repelling/"
"2024-08-05","You Are Who You Associate With, So Be Careful","belief","","high","11168","https://glennedley.com/mondaymotivator/2024/you-are-who-you-associate-with-so-be-careful/"
"2024-09-02","Unleash Your Inner Power with ""I Am""","belief","","high","11217","https://glennedley.com/mondaymotivator/2024/unleash-your-inner-power-with-i-am/"
"2024-09-16","Changing Someone's Life","focus","belief","low","11304","https://glennedley.com/mondaymotivator/2024/changing-someones-life/"
"2024-09-23","Financial Success!","focus","mental-posture","low","11343","https://glennedley.com/mondaymotivator/2024/financial-success/"
"2024-10-07","Becoming a Well-Rounded Man","focus","","high","11350","https://glennedley.com/mondaymotivator/2024/becoming-a-well-rounded-man/"
"2024-10-14","How To Improve Your Success Through Imagination 🤯","programming-the-mind","","high","11359","https://glennedley.com/mondaymotivator/2024/how-to-improve-your-success-through-imagination/"
"2024-11-18","What Was I Thinking?","programming-the-mind","","high","11370","https://glennedley.com/mondaymotivator/2024/what-was-i-thinking/"
"2024-10-22","I Did 100k Hindu Squats Over 1,000 Days","focus","","high","11375","https://glennedley.com/mondaymotivator/2024/i-did-100k-hindu-squats-over-1000-days/"
"2024-11-11","Make it Happen!","focus","programming-the-mind","medium","11379","https://glennedley.com/mondaymotivator/2024/make-it-happen-2/"
"2024-11-25","How to swim against the current and avoid pessimism 🏊","belief","mental-posture","medium","11391","https://glennedley.com/mondaymotivator/2024/how-to-swim-against-the-current-and-avoid-pessimism/"
"2024-12-23","The Better You! Something to think about over the holidays 🎄","focus","","high","11409","https://glennedley.com/mondaymotivator/2024/the-better-you-something-to-think-about-over-the-holidays/"
"2025-01-13","How are you planning 2025?","focus","","medium","11415","https://glennedley.com/mondaymotivator/2025/how-are-you-planning-2025/"
"2025-01-27","What We Watch","programming-the-mind","belief","medium","11423","https://glennedley.com/mondaymotivator/2025/what-we-watch/"
"2025-02-03","Where Are You Heading?","focus","programming-the-mind","low","11428","https://glennedley.com/mondaymotivator/2025/where-are-you-heading/"
"2025-02-10","Why Worry?","mental-posture","","high","11432","https://glennedley.com/mondaymotivator/2025/why-worry/"
"2025-02-17","Three Quick Things I Learned from Caddying for an American Professional Disc Golfer","focus","","low","11437","https://glennedley.com/mondaymotivator/2025/three-quick-things-i-learned-from-caddying-for-an-american-professional-disc-golfer/"
"2025-02-24","Small Acts of Courage That Create Big Change","belief","","high","11486","https://glennedley.com/mondaymotivator/2025/small-acts-of-courage-that-create-big-change/"
"2025-03-10","Unleash Your Inner Courage and Lead with Confidence","belief","","high","11516","https://glennedley.com/mondaymotivator/2025/unleash-your-inner-courage-and-lead-with-confidence/"
"2025-03-24","Discovering Purpose in Your Life Is a Gamechanger","programming-the-mind","belief","high","11521","https://glennedley.com/mondaymotivator/2025/discovering-purpose-in-your-life-is-a-gamechanger/"
"2025-03-31","Why Motivation Doesn't Last Long","programming-the-mind","","high","11708","https://glennedley.com/mondaymotivator/2025/why-motivation-doesnt-last-long/"
"2025-04-07","In Search of Happiness","belief","mental-posture","low","11787","https://glennedley.com/mondaymotivator/2025/in-search-of-happiness/"
"2025-04-08","Part Two: There is no quick fix","mental-posture","belief","medium","11792","https://glennedley.com/mondaymotivator/2025/part-two-there-is-no-quick-fix/"
"2025-04-14","Lessons from the shower","programming-the-mind","","medium","11813","https://glennedley.com/mondaymotivator/2025/lessons-from-the-shower/"
"2025-05-05","Brain Power Starts with Attitude!","programming-the-mind","focus","low","11909","https://glennedley.com/mondaymotivator/2025/brain-power-starts-with-attitude/"
"2025-05-12","The Case for Failing Upward","focus","","medium","11927","https://glennedley.com/mondaymotivator/2025/the-case-for-failing-upward/"
"2025-05-19","Crossing The Plank","programming-the-mind","","high","11945","https://glennedley.com/mondaymotivator/2025/crossing-the-plank/"
"2025-05-26","How to Use Psychology to Improve Your Life","focus","programming-the-mind","high","12037","https://glennedley.com/mondaymotivator/2025/how-to-use-psychology-to-improve-your-life/"
"2025-06-02","Don't Talk About It. Be It!","focus","","low","12093","https://glennedley.com/mondaymotivator/2025/dont-talk-about-it-be-it/"
"2025-06-09","Make It Right","focus","","medium","12196","https://glennedley.com/mondaymotivator/2025/make-it-right/"
"2025-06-16","Better Questions = Better Man or Woman","programming-the-mind","","low","12382","https://glennedley.com/mondaymotivator/2025/better-questions-better-man-or-woman/"
"2025-06-23","Stress Free and Happy?","mental-posture","","high","12424","https://glennedley.com/mondaymotivator/2025/stress-free-and-happy/"
"2025-06-30","Don't Slam on the Brakes","focus","","medium","12529","https://glennedley.com/mondaymotivator/2025/dont-slam-on-the-brakes/"
"2025-07-07","Accepting Personal Responsibility","programming-the-mind","","high","12546","https://glennedley.com/mondaymotivator/2025/accepting-personal-responsibility/"
"2025-07-14","You're Entitled To Nothing","focus","","high","12567","https://glennedley.com/mondaymotivator/2025/youre-entitled-to-nothing/"
"2025-07-21","Mind Over Material","programming-the-mind","focus","high","12599","https://glennedley.com/mondaymotivator/2025/mind-over-material/"
"2025-07-28","Why You're Losing Sales - And, Yes, We All Sell Something","programming-the-mind","","medium","12632","https://glennedley.com/mondaymotivator/2025/why-youre-losing-sales-and-yes-we-all-sell-something/"
"2025-08-04","You're Not ""Bad at Maths"" And Other False Beliefs","belief","focus","medium","12668","https://glennedley.com/mondaymotivator/2025/youre-not-bad-at-maths-and-other-false-beliefs/"
"2025-08-11","The Forgotten Fireplace","focus","","medium","12683","https://glennedley.com/mondaymotivator/2025/the-forgotten-fireplace/"
"2025-08-18","Stop Fixing. Start Seeing.","focus","","medium","12693","https://glennedley.com/mondaymotivator/2025/the-questions-that-uncovered-what-i-really-needed/"
"2025-08-25","No shortcuts","focus","","high","12700","https://glennedley.com/mondaymotivator/2025/no-shortcuts/"
"2025-09-01","Watch for the Signals 👀","focus","","high","12710","https://glennedley.com/mondaymotivator/2025/watch-for-the-signals/"
"2025-09-08","Dare To Think 💡","focus","programming-the-mind","medium","12866","https://glennedley.com/mondaymotivator/2025/dare-to-think/"
"2025-09-15","Decisions Define You","focus","","high","13030","https://glennedley.com/mondaymotivator/2025/decisions-define-you/"
"2025-09-22","Discipline Builds A Life Of Meaning","focus","","high","13054","https://glennedley.com/mondaymotivator/2025/discipline-builds-a-life-of-meaning/"
"2025-09-29","Turn Fear Into Purpose","focus","","high","13060","https://glennedley.com/mondaymotivator/2025/turn-fear-into-purpose/"
"2025-10-06","Hard Times Don't Have to Define You","focus","","high","13074","https://glennedley.com/mondaymotivator/2025/hard-times-dont-have-to-define-you/"
"2025-10-13","Amazing Things Happen When You Stop Fighting Yourself","mental-posture","","high","13160","https://glennedley.com/mondaymotivator/2025/amazing-things-happen-when-you-stop-fighting-yourself/"
"2025-10-20","Delete. Delete. Delete.","programming-the-mind","","high","13307","https://glennedley.com/mondaymotivator/2025/delete-delete-delete/"
"2025-10-27","Thoughts On Optimism","mental-posture","","high","13447","https://glennedley.com/mondaymotivator/2025/thoughts-on-optimism/"
"2025-11-03","What if your expectations are the only thing holding you back?","programming-the-mind","belief","high","13480","https://glennedley.com/mondaymotivator/2025/what-if-your-expectations-are-the-only-thing-holding-you-back/"
"2025-11-10","Follow the Process. Fix the Problem.","focus","","high","13509","https://glennedley.com/mondaymotivator/2025/follow-the-process-fix-the-problem/"
"2025-11-17","Following On From The Other Week's Topic On Expectations: Positive Self Talk","programming-the-mind","","high","13550","https://glennedley.com/mondaymotivator/2025/following-on-from-the-other-weeks-topic-on-expectations-positive-self-talk/"
"2025-11-24","See the Funny Side","mental-posture","","medium","13559","https://glennedley.com/mondaymotivator/2025/see-the-funny-side/"
"2025-12-01","You're More Capable Than You Think","belief","","high","13565","https://glennedley.com/mondaymotivator/2025/youre-more-capable-than-you-think/"
"2025-12-08","Speak to Potential, Not Limitations","belief","programming-the-mind","low","13572","https://glennedley.com/mondaymotivator/2025/speak-to-potential-not-limitations/"
"2025-12-15","The End-of-Year Reset","focus","programming-the-mind","low","13580","https://glennedley.com/mondaymotivator/2025/the-end-of-year-reset/"
"2026-01-19","Do Your Choices Support Your Goals?","focus","","medium","13603","https://glennedley.com/mondaymotivator/2026/do-your-choices-support-your-goals/"
"2026-01-26","You Are Special","focus","","high","13609","https://glennedley.com/mondaymotivator/2026/you-are-special/"
"2026-02-02","Systems Beat Goals","focus","","high","13649","https://glennedley.com/mondaymotivator/2026/systems-beat-goals/"
"2026-02-09","Can’t Is Not an Option","programming-the-mind","","high","13686","https://glennedley.com/mondaymotivator/2026/cant-is-not-an-option/"
"2026-02-16","No One Builds Statues to Critics","focus","","high","13697","https://glennedley.com/mondaymotivator/2026/no-one-builds-statues-to-critics/"
"2026-02-23","Dare To Read","belief","","high","13701","https://glennedley.com/mondaymotivator/2026/dare-to-read/"
"2026-03-02","Did You Bring In The Ship?","focus","","low","13747","https://glennedley.com/mondaymotivator/2026/did-you-bring-in-the-ship/"
"2026-03-09","Are You a True Friend?","mental-posture","focus","low","13782","https://glennedley.com/mondaymotivator/2026/are-you-a-true-friend/"
"2026-03-16","Is Anyone Out There?","belief","","medium","13867","https://glennedley.com/mondaymotivator/2026/is-anyone-out-there/"
"2026-03-23","In Praise of Meditation","focus","","medium","13985","https://glennedley.com/mondaymotivator/2026/in-praise-of-meditation/"
"2026-03-30","Chin Up = Mind Up (does that make sense?)","programming-the-mind","belief","low","14082","https://glennedley.com/mondaymotivator/2026/chin-up-mind-up-does-that-make-sense/"
"2026-04-06","Weapon or Weakness?","focus","","low","14086","https://glennedley.com/mondaymotivator/2026/weapon-or-weakness/"
"2026-04-13","Risk is Always There","focus","","high","14092","https://glennedley.com/mondaymotivator/2026/risk-is-always-there/"
"2026-04-20","Stand Up, Everyone!","focus","","low","14097","https://glennedley.com/mondaymotivator/2026/stand-up-everyone/"
"2026-04-27","The Power of Music","programming-the-mind","","low","14114","https://glennedley.com/mondaymotivator/2026/the-power-of-music/"
"2026-05-04","Spiritual Confidence","belief","","high","14121","https://glennedley.com/mondaymotivator/2026/spiritual-confidence/"
"2026-05-11","Whose Life Is It Anyway?","belief","","high","14154","https://glennedley.com/mondaymotivator/2026/whose-life-is-it-anyway/"
"2026-05-18","Why Not?","belief","","high","14211","https://glennedley.com/mondaymotivator/2026/why-not/"
"2026-05-25","Get Busy Living","focus","","high","14231","https://glennedley.com/mondaymotivator/2026/get-busy-living/"
"2026-06-01","You can't catch a whale from the shore","focus","","low","14260","https://glennedley.com/mondaymotivator/2026/you-cant-catch-a-whale-from-the-shore/"
"2026-06-08","Twenty-two years. One big rewrite.","focus","","low","14306","https://glennedley.com/mondaymotivator/2026/twenty-two-years-one-big-rewrite/"
"2026-06-15","Nobody Gives You This Stuff","belief","","low","14311","https://glennedley.com/mondaymotivator/2026/nobody-gives-you-this-stuff/"
"2026-06-22","You might not be losing ground","focus","","high","14315","https://glennedley.com/mondaymotivator/2026/you-might-not-be-losing-ground/"
"2026-06-29","You're Always Choosing","focus","","low","14434","https://glennedley.com/mondaymotivator/2026/youre-always-choosing/"
"2026-07-06","Rent a Dent or Lamborghini?","focus","","high","14447","https://glennedley.com/mondaymotivator/2026/rent-a-dent-or-lamborghini/"
"2026-07-13","The Mistake Was Never The Point","mental-posture","","low","14483","https://glennedley.com/mondaymotivator/2026/the-mistake-was-never-the-point/"
"2026-07-20","Nobody Cares About Your Excuses","mental-posture","focus","low","14489","https://glennedley.com/mondaymotivator/2026/nobody-cares-about-your-excuses/"
"2026-07-27","Is Your Imagination Bigger Than Your Circumstances?","programming-the-mind","","high","14493","https://glennedley.com/mondaymotivator/2026/is-your-imagination-bigger-than-your-circumstances/"
"2026-08-03","The Shower Is A Great Place For Ideas","focus","","medium","14499","https://glennedley.com/mondaymotivator/2026/the-shower-is-a-great-place-for-ideas/"
"2026-08-10","You Have No Idea What Their Journey Looks Like","mental-posture","","medium","14503","https://glennedley.com/mondaymotivator/2026/you-have-no-idea-what-their-journey-looks-like/"
"2026-08-17","You're Not Your Upbringing Anymore","focus","","medium","14553","https://glennedley.com/mondaymotivator/2026/youre-not-your-upbringing-anymore/"
"2026-08-24","You don’t have to say it!","programming-the-mind","","high","14559","https://glennedley.com/mondaymotivator/2026/you-dont-have-to-say-it/"
"2026-08-31","Your intentions don’t count","focus","","low","14563","https://glennedley.com/mondaymotivator/2026/your-intentions-dont-count/"
"2026-09-07","The Joy Before the Honey","mental-posture","","low","14569","https://glennedley.com/mondaymotivator/2026/the-joy-before-the-honey/"
