"old_url","new_url","post_id","date","title"
"https://spike.co.nz/glenns-blog/bhags/","https://glennedley.com/mondaymotivator/2004/bhags/","494","2004-08-23","YourMondayMotivator: Have you got BHAG's?"
"https://spike.co.nz/glenns-blog/fw-your-monday-motivator-27-sept/","https://glennedley.com/mondaymotivator/2004/fw-your-monday-motivator-27-sept/","498","2004-09-26","YourMondayMotivator: Babies are blank cheques"
"https://spike.co.nz/glenns-blog/fw-monday-motivator-2/","https://glennedley.com/mondaymotivator/2004/fw-monday-motivator-2/","505","2004-12-06","Monday Motivator"
"https://spike.co.nz/glenns-blog/your-monday-motivator-following-up/","https://glennedley.com/mondaymotivator/2005/your-monday-motivator-following-up/","725","2005-10-03","Your Monday Motivator - Following up"
"https://spike.co.nz/glenns-blog/yourmondaymotivator-keeping-promises/","https://glennedley.com/mondaymotivator/2005/yourmondaymotivator-keeping-promises/","727","2005-09-19","YourMondayMotivator - Keeping Promises"
"https://spike.co.nz/glenns-blog/yourmondaymotivator-what-is-success/","https://glennedley.com/mondaymotivator/2004/yourmondaymotivator-what-is-success/","728","2004-12-20","YourMondayMotivator - What is Success?"
"https://spike.co.nz/glenns-blog/yourmondaymotivator-motivate-yourself-to-achieve-success/","https://glennedley.com/mondaymotivator/2004/yourmondaymotivator-motivate-yourself-to-achieve-success/","730","2004-12-13","YourMondayMotivator: Motivate Yourself to Achieve Success"
"https://spike.co.nz/glenns-blog/yourmondaymotivator-no-one-drifts-to-success/","https://glennedley.com/mondaymotivator/2004/yourmondaymotivator-no-one-drifts-to-success/","732","2004-11-29","YourMondayMotivator: No One Drifts to Success"
"https://spike.co.nz/glenns-blog/yourmondaymotivator-what-the-best-marketing-is-about/","https://glennedley.com/mondaymotivator/2004/yourmondaymotivator-what-the-best-marketing-is-about/","733","2004-11-22","YourMondayMotivator: What the best marketing is about"
"https://spike.co.nz/glenns-blog/yourmondaymotivator-summer-has-arrived/","https://glennedley.com/mondaymotivator/2004/yourmondaymotivator-summer-has-arrived/","735","2004-11-08","YourMondayMotivator: Summer has arrived"
"https://spike.co.nz/glenns-blog/yourmondaymotivator-the-right-job/","https://glennedley.com/mondaymotivator/2004/yourmondaymotivator-the-right-job/","736","2004-11-01","YourMondayMotivator: The right job."
"https://spike.co.nz/glenns-blog/yourmondaymotivator-learn-how-to-live-your-own-life/","https://glennedley.com/mondaymotivator/2004/yourmondaymotivator-learn-how-to-live-your-own-life/","6612","2004-12-06","YourMondayMotivator: Learn How to Live Your Own Life"
"https://spike.co.nz/glenns-blog/yourmondaymotivator-the-road-to-success/","https://glennedley.com/mondaymotivator/2004/yourmondaymotivator-the-road-to-success/","6613","2004-11-15","YourMondayMotivator: The road to success"
"https://spike.co.nz/glenns-blog/yourmondaymotivator-responsibility/","https://glennedley.com/mondaymotivator/2005/yourmondaymotivator-responsibility/","480","2005-10-17","YourMondayMotivator - Responsibility"
"https://spike.co.nz/glenns-blog/your-monday-motivator-relaxation/","https://glennedley.com/mondaymotivator/2005/your-monday-motivator-relaxation/","481","2005-10-25","YourMondayMotivator - Relaxation"
"https://spike.co.nz/glenns-blog/fw-your-monday-motivator-luck/","https://glennedley.com/mondaymotivator/2005/fw-your-monday-motivator-luck/","482","2005-10-31","YourMondayMotivator - Luck"
"https://spike.co.nz/glenns-blog/fw-your-monday-motivator-living-longer/","https://glennedley.com/mondaymotivator/2005/fw-your-monday-motivator-living-longer/","483","2005-11-07","YourMondayMotivator: Living Longer"
"https://spike.co.nz/glenns-blog/fw-your-monday-motivator-opportunity/","https://glennedley.com/mondaymotivator/2005/fw-your-monday-motivator-opportunity/","484","2005-11-14","YourMondayMotivator: Opportunity"
"https://spike.co.nz/glenns-blog/hospitals-and-head-injuries/","https://glennedley.com/mondaymotivator/2008/hospitals-and-head-injuries/","690","2008-04-09","Hospitals and head injuries"
"https://spike.co.nz/glenns-blog/it-doesnt-take-much-a-smile-a-touch-or-a-friendly-word/","https://glennedley.com/mondaymotivator/2008/it-doesnt-take-much-a-smile-a-touch-or-a-friendly-word/","691","2008-04-04","It doesnt take much. A smile, a touch, or a friendly word."
"https://spike.co.nz/glenns-blog/why-im-behind-in-the-news/","https://glennedley.com/mondaymotivator/2008/why-im-behind-in-the-news/","692","2008-04-04","Why I'm behind in the news"
"https://spike.co.nz/glenns-blog/a-positive-attitude-amongst-the-doom-and-gloom/","https://glennedley.com/mondaymotivator/2008/a-positive-attitude-amongst-the-doom-and-gloom/","693","2008-03-23","A Positive Attitude amongst the doom and gloom"
"https://spike.co.nz/glenns-blog/mondaymotivator-10-march-how-to-really-annoy-people/","https://glennedley.com/mondaymotivator/2008/mondaymotivator-10-march-how-to-really-annoy-people/","695","2008-03-10","MondayMotivator 10 March: How to really annoy people."
"https://spike.co.nz/glenns-blog/mondaymotivator-03-march-5127-protypes-later/","https://glennedley.com/mondaymotivator/2008/mondaymotivator-03-march-5127-protypes-later/","696","2008-03-10","MondayMotivator 03 March: 5,127 protypes later ..."
"https://spike.co.nz/glenns-blog/failing-forward-to-success/","https://glennedley.com/mondaymotivator/2008/failing-forward-to-success/","699","2008-02-26","Failing Forward to Success"
"https://spike.co.nz/glenns-blog/are-you-leaving-your-life-to-chance/","https://glennedley.com/mondaymotivator/2008/are-you-leaving-your-life-to-chance/","702","2008-02-11","Are you leaving your life to chance?"
"https://spike.co.nz/glenns-blog/have-you-got-the-right-attitude/","https://glennedley.com/mondaymotivator/2008/have-you-got-the-right-attitude/","705","2008-02-04","Have you got the right attitude?"
"https://spike.co.nz/glenns-blog/week-two-of-the-lost-arts/","https://glennedley.com/mondaymotivator/2008/week-two-of-the-lost-arts/","715","2008-01-07","Week Two of The Lost Arts"
"https://spike.co.nz/glenns-blog/week-one-of-the-lost-arts/","https://glennedley.com/mondaymotivator/2007/week-one-of-the-lost-arts/","717","2007-12-31","Week One of the Lost Arts"
"https://spike.co.nz/glenns-blog/christmas-shopping-has-it-taken-a-few-years-off-your-life/","https://glennedley.com/mondaymotivator/2007/christmas-shopping-has-it-taken-a-few-years-off-your-life/","721","2007-12-22","Christmas shopping: Has it taken a few years off your life?"
"https://spike.co.nz/glenns-blog/your-monday-motivator-steve-jobs/","https://glennedley.com/mondaymotivator/2006/your-monday-motivator-steve-jobs/","723","2006-04-24","YourMondayMotivator: Steve Jobs"
"https://spike.co.nz/glenns-blog/your-monday-motivator-attaining-excellence/","https://glennedley.com/mondaymotivator/2005/your-monday-motivator-attaining-excellence/","724","2005-10-10","Your Monday Motivator - Attaining Excellence"
"https://spike.co.nz/glenns-blog/pep-talk-your-way-to/","https://glennedley.com/mondaymotivator/2008/pep-talk-your-way-to/","6617","2008-02-18","Pep talk your way to ..."
"https://spike.co.nz/glenns-blog/time-is-running-out-2/","https://glennedley.com/mondaymotivator/2009/time-is-running-out-2/","523","2009-05-11","Time is running out"
"https://spike.co.nz/glenns-blog/how-agile-are-you/","https://glennedley.com/mondaymotivator/2009/how-agile-are-you/","580","2009-03-16","How agile are you?"
"https://spike.co.nz/glenns-blog/fitness-life-magazine-has-received-high-praise-from-fitness-nz-who-have-voted-it-the-best-health-and-fitness-publication-in-the-southern-hemisphere/","https://glennedley.com/mondaymotivator/2009/fitness-life-magazine-has-received-high-praise-from-fitness-nz-who-have-voted-it-the-best/","602","2009-02-13","Fitness Life magazine has received high praise from FITNESS NZ, who have voted it the best health and fitness publication in the southern hemisphere.."
"https://spike.co.nz/glenns-blog/be-realistic-glenn/","https://glennedley.com/mondaymotivator/2009/be-realistic-glenn/","604","2009-02-09","Be realistic Glenn"
"https://spike.co.nz/glenns-blog/why-i-write/","https://glennedley.com/mondaymotivator/2009/why-i-write/","605","2009-02-02","Why I write"
"https://spike.co.nz/glenns-blog/why-the-best-team-wins/","https://glennedley.com/mondaymotivator/2008/why-the-best-team-wins/","663","2008-07-28","Why the best team wins."
"https://spike.co.nz/glenns-blog/burst-the-bubble/","https://glennedley.com/mondaymotivator/2008/burst-the-bubble/","669","2008-07-15","BURST the bubble"
"https://spike.co.nz/glenns-blog/how-do-you-rate-yourself/","https://glennedley.com/mondaymotivator/2008/how-do-you-rate-yourself/","672","2008-07-09","How do you rate yourself?"
"https://spike.co.nz/glenns-blog/mm-shut-down-some-programs/","https://glennedley.com/mondaymotivator/2008/mm-shut-down-some-programs/","673","2008-06-14","MM - Shut Down Some Programs"
"https://spike.co.nz/glenns-blog/its-been-one-of-those-weeks/","https://glennedley.com/mondaymotivator/2008/its-been-one-of-those-weeks/","678","2008-05-28","It's been one of THOSE weeks."
"https://spike.co.nz/glenns-blog/what-happens-to-crazy-thoughts/","https://glennedley.com/mondaymotivator/2008/what-happens-to-crazy-thoughts/","680","2008-05-19","What happens to crazy thoughts?"
"https://spike.co.nz/glenns-blog/its-all-in-the-delivery/","https://glennedley.com/mondaymotivator/2008/its-all-in-the-delivery/","682","2008-05-14","Its all in the delivery ..."
"https://spike.co.nz/glenns-blog/its-not-the-goal-that-matters/","https://glennedley.com/mondaymotivator/2008/its-not-the-goal-that-matters/","686","2008-05-05","It's not the goal that matters"
"https://spike.co.nz/glenns-blog/yourmondaymotivator-holiday-thoughts/","https://glennedley.com/mondaymotivator/2008/yourmondaymotivator-holiday-thoughts/","1383","2008-12-29","YourMondayMotivator: Holiday thoughts"
"https://spike.co.nz/glenns-blog/yourmondaymotivator-question-things/","https://glennedley.com/mondaymotivator/2008/yourmondaymotivator-question-things/","1385","2008-12-22","YourMondayMotivator: Question things"
"https://spike.co.nz/glenns-blog/yourmondaymotivator-mapkap/","https://glennedley.com/mondaymotivator/2008/yourmondaymotivator-mapkap/","1387","2008-12-15","YourMondayMotivator: MAPKAP"
"https://spike.co.nz/glenns-blog/yourmondaymotivator-five-reasons-the-south-island-rocks/","https://glennedley.com/mondaymotivator/2008/yourmondaymotivator-five-reasons-the-south-island-rocks/","1389","2008-12-08","YourMondayMotivator: Five Reasons the South Island rocks"
"https://spike.co.nz/glenns-blog/yourmondaymotivator-what-the-bleep-do-i-know/","https://glennedley.com/mondaymotivator/2008/yourmondaymotivator-what-the-bleep-do-i-know/","1391","2008-12-01","YourMondayMotivator: What the bleep do I know?"
"https://spike.co.nz/glenns-blog/issue-1-of-nz-sales-manager-out-now/","https://glennedley.com/mondaymotivator/2008/issue-1-of-nz-sales-manager-out-now/","6620","2008-05-14","Issue 1 of NZ Sales Manager out NOW!"
"https://spike.co.nz/glenns-blog/why-did-you-bother-turning-up/","https://glennedley.com/mondaymotivator/2008/why-did-you-bother-turning-up/","6621","2008-04-18","Why did you bother turning up?"
"https://spike.co.nz/glenns-blog/yourmondaymotivator-hmmmmm/","https://glennedley.com/mondaymotivator/2010/yourmondaymotivator-hmmmmm/","250","2010-03-08","YourMondayMotivator: Hmmmmm"
"https://spike.co.nz/glenns-blog/yourmondaymotivator-are-you-committed/","https://glennedley.com/mondaymotivator/2010/yourmondaymotivator-are-you-committed/","255","2010-03-01","YourMondayMotivator: Are you committed?"
"https://spike.co.nz/glenns-blog/yourmondaymotivator-screw-this/","https://glennedley.com/mondaymotivator/2010/yourmondaymotivator-screw-this/","262","2010-02-22","YourMondayMotivator: Screw this!"
"https://spike.co.nz/glenns-blog/yourmondaymotivator-who-do-you-compete-against/","https://glennedley.com/mondaymotivator/2010/yourmondaymotivator-who-do-you-compete-against/","268","2010-02-15","YourMondayMotivator: Who do you compete against?"
"https://spike.co.nz/glenns-blog/yourmondaymotivator-where-do-you-see-beauty/","https://glennedley.com/mondaymotivator/2010/yourmondaymotivator-where-do-you-see-beauty/","274","2010-02-08","YourMondayMotivator - Where do you see beauty?"
"https://spike.co.nz/glenns-blog/yourmondaymotivator-how-do-you-face-challenges/","https://glennedley.com/mondaymotivator/2010/yourmondaymotivator-how-do-you-face-challenges/","279","2010-02-01","YourMondayMotivator - How do you face challenges?"
"https://spike.co.nz/glenns-blog/yourmondaymotivator-are-you-inspired-or-motivated/","https://glennedley.com/mondaymotivator/2010/yourmondaymotivator-are-you-inspired-or-motivated/","285","2010-01-25","YourMondayMotivator - Are you inspired or motivated?"
"https://spike.co.nz/glenns-blog/yourmondaymotivator-have-you-got-the-right-stuff/","https://glennedley.com/mondaymotivator/2010/yourmondaymotivator-have-you-got-the-right-stuff/","291","2010-01-18","YourMondayMotivator - Have you got the right stuff?"
"https://spike.co.nz/glenns-blog/yourmondaymotivator-the-year-is-a-blank-page/","https://glennedley.com/mondaymotivator/2010/yourmondaymotivator-the-year-is-a-blank-page/","292","2010-01-11","YourMondayMotivator - The year is a blank page."
"https://spike.co.nz/glenns-blog/yourmondaymotivator-where-are-you-at-today/","https://glennedley.com/mondaymotivator/2010/yourmondaymotivator-where-are-you-at-today/","293","2010-01-04","YourMondayMotivator - Where are you at today?"
"https://spike.co.nz/glenns-blog/yourmondaymotivator-have-you-got-a-maintenance-program/","https://glennedley.com/mondaymotivator/2009/yourmondaymotivator-have-you-got-a-maintenance-program/","294","2009-12-28","YourMondayMotivator - Have you got a maintenance program?"
"https://spike.co.nz/glenns-blog/yourmondaymotivator-why-you-should-ask-for-feedback/","https://glennedley.com/mondaymotivator/2009/yourmondaymotivator-why-you-should-ask-for-feedback/","299","2009-12-21","YourMondayMotivator - Why you should ask for feedback"
"https://spike.co.nz/glenns-blog/yourmondaymotivator-is-anyone-reading-this/","https://glennedley.com/mondaymotivator/2009/yourmondaymotivator-is-anyone-reading-this/","305","2009-12-14","YourMondayMotivator - Is anyone reading this."
"https://spike.co.nz/glenns-blog/yourmondaymotivator-do-you-keep-up-a-facade/","https://glennedley.com/mondaymotivator/2009/yourmondaymotivator-do-you-keep-up-a-facade/","311","2009-12-07","YourMondayMotivator - Do you keep up a facade?"
"https://spike.co.nz/glenns-blog/yourmondaymotivator-how-did-i-get-here/","https://glennedley.com/mondaymotivator/2009/yourmondaymotivator-how-did-i-get-here/","317","2009-11-30","YourMondayMotivator - How did I get here?"
"https://spike.co.nz/glenns-blog/and-the-waiting-is-over/","https://glennedley.com/mondaymotivator/2009/and-the-waiting-is-over/","398","2009-08-24","And the waiting is over."
"https://spike.co.nz/glenns-blog/seriously-everything-is-amazing/","https://glennedley.com/mondaymotivator/2009/seriously-everything-is-amazing/","434","2009-07-27","Seriously, everything is amazing."
"https://spike.co.nz/glenns-blog/thank-you-giveaway/","https://glennedley.com/mondaymotivator/2009/thank-you-giveaway/","459","2009-07-06","Thank you + giveaway"
"https://spike.co.nz/glenns-blog/time-is-running-out/","https://glennedley.com/mondaymotivator/2009/time-is-running-out/","522","2009-05-11","Time is running out"
"https://spike.co.nz/glenns-blog/is-your-day-like-benjamin-franklins/","https://glennedley.com/mondaymotivator/2009/is-your-day-like-benjamin-franklins/","894","2009-09-20","Is your day like Benjamin Franklin's?"
"https://spike.co.nz/glenns-blog/yourmondaymotivator-clean-out-your-stuff/","https://glennedley.com/mondaymotivator/2010/yourmondaymotivator-clean-out-your-stuff/","172","2010-07-26","YourMondayMotivator - Clean out your 'stuff'"
"https://spike.co.nz/glenns-blog/yourmondaymotivator-change-the-rules/","https://glennedley.com/mondaymotivator/2010/yourmondaymotivator-change-the-rules/","173","2010-07-19","YourMondayMotivator - Change the rules"
"https://spike.co.nz/glenns-blog/yourmondaymotivator-who-am-i/","https://glennedley.com/mondaymotivator/2010/yourmondaymotivator-who-am-i/","174","2010-07-12","YourMondayMotivator - Who am I?"
"https://spike.co.nz/glenns-blog/yourmondaymotivator-fog-and-rain/","https://glennedley.com/mondaymotivator/2010/yourmondaymotivator-fog-and-rain/","177","2010-06-28","YourMondayMotivator - Fog and Rain"
"https://spike.co.nz/glenns-blog/yourmondaymotivator-its-a-white-winter/","https://glennedley.com/mondaymotivator/2010/yourmondaymotivator-its-a-white-winter/","182","2010-06-21","YourMondayMotivator - It's a White winter"
"https://spike.co.nz/glenns-blog/yourmondaymotivator-wishing-and-winter/","https://glennedley.com/mondaymotivator/2010/yourmondaymotivator-wishing-and-winter/","184","2010-06-14","YourMondayMotivator - Wishing and Winter"
"https://spike.co.nz/glenns-blog/yourmondaymotivator-kids-these-days/","https://glennedley.com/mondaymotivator/2010/yourmondaymotivator-kids-these-days/","186","2010-06-07","YourMondayMotivator - Kids these days"
"https://spike.co.nz/glenns-blog/yourmondaymotivator-testing/","https://glennedley.com/mondaymotivator/2010/yourmondaymotivator-testing/","191","2010-05-31","YourMondayMotivator - Testing"
"https://spike.co.nz/glenns-blog/yourmondaymotivator-special-powers/","https://glennedley.com/mondaymotivator/2010/yourmondaymotivator-special-powers/","195","2010-05-24","YourMondayMotivator: Special powers"
"https://spike.co.nz/glenns-blog/yourmondaymotivator-inspirational-teenager/","https://glennedley.com/mondaymotivator/2010/yourmondaymotivator-inspirational-teenager/","199","2010-05-17","YourMondayMotivator: Inspirational teenager"
"https://spike.co.nz/glenns-blog/yourmondaymotivator-driving-force/","https://glennedley.com/mondaymotivator/2010/yourmondaymotivator-driving-force/","205","2010-05-10","YourMondayMotivator: Driving Force"
"https://spike.co.nz/glenns-blog/yourmondaymotivator-autumn-change/","https://glennedley.com/mondaymotivator/2010/yourmondaymotivator-autumn-change/","210","2010-05-03","YourMondayMotivator: Autumn = change"
"https://spike.co.nz/glenns-blog/yourmondaymotivator-stop-working-working/","https://glennedley.com/mondaymotivator/2010/yourmondaymotivator-stop-working-working/","213","2010-04-26","YourMondayMotivator: Stop working, working."
"https://spike.co.nz/glenns-blog/yourmondaymotivator-start-with-what-you-have/","https://glennedley.com/mondaymotivator/2010/yourmondaymotivator-start-with-what-you-have/","225","2010-04-12","YourMondayMotivator: Start with what you have."
"https://spike.co.nz/glenns-blog/yourmondaymotivator-new-beginnings-and-easter/","https://glennedley.com/mondaymotivator/2010/yourmondaymotivator-new-beginnings-and-easter/","228","2010-04-05","YourMondayMotivator: New beginnings and Easter."
"https://spike.co.nz/glenns-blog/yourmondaymotivator-get-angry/","https://glennedley.com/mondaymotivator/2010/yourmondaymotivator-get-angry/","233","2010-03-29","YourMondayMotivator: Get ANGRY!"
"https://spike.co.nz/glenns-blog/yourmondaymotivator-what-are-you-values/","https://glennedley.com/mondaymotivator/2010/yourmondaymotivator-what-are-you-values/","239","2010-03-22","YourMondayMotivator: What are you values?"
"https://spike.co.nz/glenns-blog/yourmondaymotivator-much-to-learn/","https://glennedley.com/mondaymotivator/2010/yourmondaymotivator-much-to-learn/","244","2010-03-15","YourMondayMotivator: Much to learn"
"https://spike.co.nz/glenns-blog/yourmondaymotivator-what-are-you-missing-out-on/","https://glennedley.com/mondaymotivator/2010/yourmondaymotivator-what-are-you-missing-out-on/","6677","2010-04-19","YourMondayMotivator: What are you missing out on?"
"https://spike.co.nz/glenns-blog/yourmondaymotivator-new-tyres/","https://glennedley.com/mondaymotivator/2010/yourmondaymotivator-new-tyres/","6683","2010-07-05","YourMondayMotivator - New tyres"
"https://spike.co.nz/glenns-blog/yourmondaymotivator-singing-in-the-lifeboats/","https://glennedley.com/mondaymotivator/2010/yourmondaymotivator-singing-in-the-lifeboats/","138","2010-12-13","YourMondayMotivator: Singing in the lifeboats"
"https://spike.co.nz/glenns-blog/yourmondaymotivator-forgiveness/","https://glennedley.com/mondaymotivator/2010/yourmondaymotivator-forgiveness/","142","2010-12-06","YourMondayMotivator: Forgiveness"
"https://spike.co.nz/glenns-blog/yourmondaymotivator-thinking-big/","https://glennedley.com/mondaymotivator/2010/yourmondaymotivator-thinking-big/","148","2010-11-29","YourMondayMotivator: Thinking BIG"
"https://spike.co.nz/glenns-blog/yourmondaymotivator-powerful-choices-or-the-power-of-choice/","https://glennedley.com/mondaymotivator/2010/yourmondaymotivator-powerful-choices-or-the-power-of-choice/","154","2010-11-22","YourMondayMotivator: Powerful choices (or the Power of Choice)"
"https://spike.co.nz/glenns-blog/yourmondaymotivator-self-belief/","https://glennedley.com/mondaymotivator/2010/yourmondaymotivator-self-belief/","155","2010-11-15","YourMondayMotivator: Self belief"
"https://spike.co.nz/glenns-blog/yourmondaymotivator-change-for-changes-sake/","https://glennedley.com/mondaymotivator/2010/yourmondaymotivator-change-for-changes-sake/","156","2010-11-08","YourMondayMotivator: Change for changes sake"
"https://spike.co.nz/glenns-blog/yourmondaymotivator-no-inspiration/","https://glennedley.com/mondaymotivator/2010/yourmondaymotivator-no-inspiration/","157","2010-11-01","YourMondayMotivator: No Inspiration"
"https://spike.co.nz/glenns-blog/yourmondaymotivator-the-value-of-thank-you/","https://glennedley.com/mondaymotivator/2010/yourmondaymotivator-the-value-of-thank-you/","158","2010-10-25","YourMondayMotivator: The value of Thank You"
"https://spike.co.nz/glenns-blog/yourmondaymotivator-how-do-you-treat-your-backyard/","https://glennedley.com/mondaymotivator/2010/yourmondaymotivator-how-do-you-treat-your-backyard/","159","2010-10-18","YourMondayMotivator: How do you treat your backyard?"
"https://spike.co.nz/glenns-blog/yourmondaymotivator-how-strong-is-your-rollcage/","https://glennedley.com/mondaymotivator/2010/yourmondaymotivator-how-strong-is-your-rollcage/","160","2010-10-11","YourMondayMotivator: How STRONG is your Rollcage?"
"https://spike.co.nz/glenns-blog/yourmondaymotivator-do-you-need-change/","https://glennedley.com/mondaymotivator/2010/yourmondaymotivator-do-you-need-change/","161","2010-10-04","YourMondayMotivator: Do you need change?"
"https://spike.co.nz/glenns-blog/yourmondaymotivator-my-need-for-speed/","https://glennedley.com/mondaymotivator/2010/yourmondaymotivator-my-need-for-speed/","162","2010-09-27","YourMondayMotivator: My need for speed"
"https://spike.co.nz/glenns-blog/yourmondaymotivator-a-year-in-the-life-of/","https://glennedley.com/mondaymotivator/2010/yourmondaymotivator-a-year-in-the-life-of/","163","2010-09-20","YourMondayMotivator: A year in the life of ..."
"https://spike.co.nz/glenns-blog/yourmondaymotivator-detox-and-discipline/","https://glennedley.com/mondaymotivator/2010/yourmondaymotivator-detox-and-discipline/","164","2010-09-13","YourMondayMotivator: Detox and Discipline"
"https://spike.co.nz/glenns-blog/yourmondaymotivator-what-if/","https://glennedley.com/mondaymotivator/2010/yourmondaymotivator-what-if/","165","2010-09-06","YourMondayMotivator: What if?"
"https://spike.co.nz/glenns-blog/yourmondaymotivator-do-you-always-have-to-keep-your-cool/","https://glennedley.com/mondaymotivator/2010/yourmondaymotivator-do-you-always-have-to-keep-your-cool/","166","2010-08-30","YourMondayMotivator: Do you always have to keep your cool?"
"https://spike.co.nz/glenns-blog/yourmondaymotivator-doing-what-you-said-you-would/","https://glennedley.com/mondaymotivator/2010/yourmondaymotivator-doing-what-you-said-you-would/","167","2010-08-23","YourMondayMotivator: Doing what you said you would"
"https://spike.co.nz/glenns-blog/yourmondaymotivator-out-of-office-replies/","https://glennedley.com/mondaymotivator/2010/yourmondaymotivator-out-of-office-replies/","168","2010-08-16","YourMondayMotivator: Out of Office replies"
"https://spike.co.nz/glenns-blog/yourmondaymotivator-moments-we-all-have-them/","https://glennedley.com/mondaymotivator/2010/yourmondaymotivator-moments-we-all-have-them/","169","2010-08-09","YourMondayMotivator: Moments, we all have them."
"https://spike.co.nz/glenns-blog/yourmondaymotivator-doing-what-you-love/","https://glennedley.com/mondaymotivator/2010/yourmondaymotivator-doing-what-you-love/","171","2010-08-02","YourMondayMotivator - Doing what you love"
"https://spike.co.nz/glenns-blog/yourmondaymotivator-would-you-do-that-job/","https://glennedley.com/mondaymotivator/2011/yourmondaymotivator-would-you-do-that-job/","84","2011-05-16","YourMondayMotivator: Would you do that job?"
"https://spike.co.nz/glenns-blog/yourmondaymotivator-stumped/","https://glennedley.com/mondaymotivator/2011/yourmondaymotivator-stumped/","88","2011-05-09","YourMondayMotivator: Stumped"
"https://spike.co.nz/glenns-blog/yourmondaymotivator-birthdays-gatherings-and-public-holidays/","https://glennedley.com/mondaymotivator/2011/yourmondaymotivator-birthdays-gatherings-and-public-holidays/","103","2011-04-18","YourMondayMotivator: Birthdays, Gatherings and Public Holidays"
"https://spike.co.nz/glenns-blog/yourmondaymotivator-paul-henry-cars-and-shoes/","https://glennedley.com/mondaymotivator/2011/yourmondaymotivator-paul-henry-cars-and-shoes/","106","2011-04-11","YourMondayMotivator: Paul Henry, cars and shoes"
"https://spike.co.nz/glenns-blog/yourmondaymotivator-ill-be-happy-when/","https://glennedley.com/mondaymotivator/2011/yourmondaymotivator-ill-be-happy-when/","107","2011-04-04","YourMondayMotivator: I'll be happy when ..."
"https://spike.co.nz/glenns-blog/yourmondaymotivator-checking-out-the-view/","https://glennedley.com/mondaymotivator/2011/yourmondaymotivator-checking-out-the-view/","108","2011-03-28","YourMondayMotivator: Checking out the view"
"https://spike.co.nz/glenns-blog/yourmondaymotivator-measure-twice-cut-once/","https://glennedley.com/mondaymotivator/2011/yourmondaymotivator-measure-twice-cut-once/","109","2011-03-21","YourMondayMotivator: Measure twice, cut once"
"https://spike.co.nz/glenns-blog/yourmondaymotivator-worst-case-scenario/","https://glennedley.com/mondaymotivator/2011/yourmondaymotivator-worst-case-scenario/","110","2011-03-14","YourMondayMotivator: Worst case scenario"
"https://spike.co.nz/glenns-blog/yourmondaymotivator-what-are-you-inputting-to-your-head/","https://glennedley.com/mondaymotivator/2011/yourmondaymotivator-what-are-you-inputting-to-your-head/","111","2011-03-07","YourMondayMotivator: What are you inputting, to your head?"
"https://spike.co.nz/glenns-blog/yourmondaymotivator-how-much-capacity-do-you-have/","https://glennedley.com/mondaymotivator/2011/yourmondaymotivator-how-much-capacity-do-you-have/","113","2011-02-28","YourMondayMotivator: How much capacity do you have?"
"https://spike.co.nz/glenns-blog/yourmondaymotivator-do-you-give-yourself-enough-space/","https://glennedley.com/mondaymotivator/2011/yourmondaymotivator-do-you-give-yourself-enough-space/","114","2011-02-21","YourMondayMotivator: Do you give yourself enough space?"
"https://spike.co.nz/glenns-blog/yourmondaymotivator-do-you-care/","https://glennedley.com/mondaymotivator/2011/yourmondaymotivator-do-you-care/","115","2011-02-14","YourMondayMotivator: Do you care?"
"https://spike.co.nz/glenns-blog/yourmondaymotivator-teamwork-and-moving/","https://glennedley.com/mondaymotivator/2011/yourmondaymotivator-teamwork-and-moving/","120","2011-02-07","YourMondayMotivator: Teamwork and moving"
"https://spike.co.nz/glenns-blog/yourmondaymotivator-relax-or-die/","https://glennedley.com/mondaymotivator/2011/yourmondaymotivator-relax-or-die/","123","2011-01-17","YourMondayMotivator: Relax or Die."
"https://spike.co.nz/glenns-blog/yourmondaymotivator-im-on-a-couch/","https://glennedley.com/mondaymotivator/2011/yourmondaymotivator-im-on-a-couch/","6691","2011-01-31","YourMondayMotivator: I'm on a couch"
"https://spike.co.nz/glenns-blog/yourmondaymotivator-how-hungry-are-you/","https://glennedley.com/mondaymotivator/2011/yourmondaymotivator-how-hungry-are-you/","6692","2011-01-24","YourMondayMotivator: How HUNGRY are you?"
"https://spike.co.nz/glenns-blog/yourmondaymotivator-im-late/","https://glennedley.com/mondaymotivator/2011/yourmondaymotivator-im-late/","6693","2011-01-10","YourMondayMotivator: I'm late!"
"https://spike.co.nz/glenns-blog/yourmondaymotivator-is-anyone-out-there-experience-is-overrated/","https://glennedley.com/mondaymotivator/2011/yourmondaymotivator-is-anyone-out-there-experience-is-overrated/","6694","2011-01-03","YourMondayMotivator: Is anyone out there & experience is overrated"
"https://spike.co.nz/glenns-blog/yourmondaymotivator-where-were-you/","https://glennedley.com/mondaymotivator/2011/yourmondaymotivator-where-were-you/","6700","2011-05-02","YourMondayMotivator: Where were you?"
"https://spike.co.nz/glenns-blog/yourmondaymotivator-who-you-were/","https://glennedley.com/mondaymotivator/2011/yourmondaymotivator-who-you-were/","6704","2011-04-25","YourMondayMotivator: Who you were"
"https://spike.co.nz/glenns-blog/yourmondaymotivator-we-need-more-chris-andersons/","https://glennedley.com/mondaymotivator/2011/yourmondaymotivator-we-need-more-chris-andersons/","59","2011-09-26","YourMondayMotivator: We need more Chris Anderson's"
"https://spike.co.nz/glenns-blog/yourmondaymotivator-911-and-the-rugby-world-cup/","https://glennedley.com/mondaymotivator/2011/yourmondaymotivator-911-and-the-rugby-world-cup/","67","2011-09-12","YourMondayMotivator: 9/11 and the Rugby World Cup"
"https://spike.co.nz/glenns-blog/yourmondaymotivator-senna-and-fathers-day-11/","https://glennedley.com/mondaymotivator/2011/yourmondaymotivator-senna-and-fathers-day-11/","68","2011-09-05","YourMondayMotivator: Senna and Fathers Day '11"
"https://spike.co.nz/glenns-blog/yourmondaymotivator-ego-and-why-do-you-do-things/","https://glennedley.com/mondaymotivator/2011/yourmondaymotivator-ego-and-why-do-you-do-things/","69","2011-08-29","YourMondayMotivator: Ego and why do you do things"
"https://spike.co.nz/glenns-blog/yourmondaymotivator-a-place-for-you-things-fine-weather/","https://glennedley.com/mondaymotivator/2011/yourmondaymotivator-a-place-for-you-things-fine-weather/","70","2011-08-22","YourMondayMotivator: A place for you things + fine weather"
"https://spike.co.nz/glenns-blog/yourmondaymotivator-count-your-blessings/","https://glennedley.com/mondaymotivator/2011/yourmondaymotivator-count-your-blessings/","71","2011-08-15","YourMondayMotivator: Count your blessings"
"https://spike.co.nz/glenns-blog/yourmondaymotivator-forgot-my-power-cord/","https://glennedley.com/mondaymotivator/2011/yourmondaymotivator-forgot-my-power-cord/","72","2011-08-08","YourMondayMotivator: Forgot my power cord"
"https://spike.co.nz/glenns-blog/yourmondaymotivator-staying-healthy/","https://glennedley.com/mondaymotivator/2011/yourmondaymotivator-staying-healthy/","73","2011-08-01","YourMondayMotivator: Staying Healthy"
"https://spike.co.nz/glenns-blog/yourmondaymotivator-thats-a-good-question/","https://glennedley.com/mondaymotivator/2011/yourmondaymotivator-thats-a-good-question/","74","2011-07-25","YourMondayMotivator: That's a good question"
"https://spike.co.nz/glenns-blog/yourmondaymotivator-abundance/","https://glennedley.com/mondaymotivator/2011/yourmondaymotivator-abundance/","75","2011-07-18","YourMondayMotivator: ABUNDANCE!"
"https://spike.co.nz/glenns-blog/yourmondaymotivator-when-your-best-isnt-enough/","https://glennedley.com/mondaymotivator/2011/yourmondaymotivator-when-your-best-isnt-enough/","76","2011-07-11","YourMondayMotivator: When your best isn't enough"
"https://spike.co.nz/glenns-blog/yourmondaymotivator-you-are-alone/","https://glennedley.com/mondaymotivator/2011/yourmondaymotivator-you-are-alone/","77","2011-07-04","YourMondayMotivator: You are alone."
"https://spike.co.nz/glenns-blog/yourmondaymotivator-why-i-should-practice-guitar/","https://glennedley.com/mondaymotivator/2011/yourmondaymotivator-why-i-should-practice-guitar/","78","2011-06-27","YourMondayMotivator: Why I should practice guitar"
"https://spike.co.nz/glenns-blog/yourmondaymotivator-what-am-i-doing-with-my-life/","https://glennedley.com/mondaymotivator/2011/yourmondaymotivator-what-am-i-doing-with-my-life/","79","2011-06-20","YourMondayMotivator: What am I doing with my life?"
"https://spike.co.nz/glenns-blog/yourmondaymotivator-lessons-from-samoa/","https://glennedley.com/mondaymotivator/2011/yourmondaymotivator-lessons-from-samoa/","80","2011-06-13","YourMondayMotivator: Lessons from Samoa"
"https://spike.co.nz/glenns-blog/yourmondaymotivator-talofa-and-start-from-where-you-stand/","https://glennedley.com/mondaymotivator/2011/yourmondaymotivator-talofa-and-start-from-where-you-stand/","81","2011-06-06","YourMondayMotivator: Talofa and Start from where you stand"
"https://spike.co.nz/glenns-blog/yourmondaymotivator-are-you-in-it-to-win-it/","https://glennedley.com/mondaymotivator/2011/yourmondaymotivator-are-you-in-it-to-win-it/","82","2011-05-30","YourMondayMotivator: Are you in it to win it?"
"https://spike.co.nz/glenns-blog/yourmondaymotivator-barbie-dolls-and-mountain-buggys/","https://glennedley.com/mondaymotivator/2011/yourmondaymotivator-barbie-dolls-and-mountain-buggys/","83","2011-05-23","YourMondayMotivator: Barbie Dolls and Mountain Buggy's"
"https://spike.co.nz/glenns-blog/yourmondaymotivator-hows-your-plan-of-action/","https://glennedley.com/mondaymotivator/2011/yourmondaymotivator-hows-your-plan-of-action/","6706","2011-09-19","YourMondayMotivator: How's your plan of action?"
"https://spike.co.nz/glenns-blog/amys-feedback/","https://glennedley.com/mondaymotivator/2011/amys-feedback/","6710","2011-09-19","Amy's feedback"
"https://spike.co.nz/glenns-blog/yourmondaymotivator-magpie-moments/","https://glennedley.com/mondaymotivator/2011/yourmondaymotivator-magpie-moments/","57","2011-10-03","YourMondayMotivator: Magpie Moments"
"https://spike.co.nz/glenns-blog/yourmondaymotivator-read-more/","https://glennedley.com/mondaymotivator/2012/yourmondaymotivator-read-more/","1282","2012-01-02","YourMondayMotivator: Read more"
"https://spike.co.nz/glenns-blog/yourmondaymotivator-the-power-of-we/","https://glennedley.com/mondaymotivator/2011/yourmondaymotivator-the-power-of-we/","1284","2011-12-26","YourMondayMotivator: The Power of We"
"https://spike.co.nz/glenns-blog/yourmondaymotivator-crouching-tiger-screaming-baby/","https://glennedley.com/mondaymotivator/2011/yourmondaymotivator-crouching-tiger-screaming-baby/","3124","2011-11-21","YourMondayMotivator: Crouching Tiger, Screaming Baby"
"https://spike.co.nz/glenns-blog/yourmondaymotivator-getting-to-the-why/","https://glennedley.com/mondaymotivator/2011/yourmondaymotivator-getting-to-the-why/","3127","2011-11-14","YourMondayMotivator: Getting to the Why."
"https://spike.co.nz/glenns-blog/yourmondaymotivator-go-deep-or-go-home/","https://glennedley.com/mondaymotivator/2011/yourmondaymotivator-go-deep-or-go-home/","3129","2011-11-07","YourMondayMotivator: Go deep or go home."
"https://spike.co.nz/glenns-blog/yourmondaymotivator-back-yourself/","https://glennedley.com/mondaymotivator/2011/yourmondaymotivator-back-yourself/","3131","2011-10-31","YourMondayMotivator: Back yourself"
"https://spike.co.nz/glenns-blog/yourmondaymotivator-world-cup-champions/","https://glennedley.com/mondaymotivator/2011/yourmondaymotivator-world-cup-champions/","3134","2011-10-24","YourMondayMotivator: WORLD CUP CHAMPIONS!"
"https://spike.co.nz/glenns-blog/yourmondaymotivator-so-what-if-theyd-lost/","https://glennedley.com/mondaymotivator/2011/yourmondaymotivator-so-what-if-theyd-lost/","3137","2011-10-17","YourMondayMotivator: So what if they'd lost?"
"https://spike.co.nz/glenns-blog/yourmondaymotivator-alba-and-steve/","https://glennedley.com/mondaymotivator/2011/yourmondaymotivator-alba-and-steve/","3140","2011-10-10","YourMondayMotivator: Alba and Steve"
"https://spike.co.nz/glenns-blog/yourmondaymotivator-get-clear-and-share-the-dream/","https://glennedley.com/mondaymotivator/2011/yourmondaymotivator-get-clear-and-share-the-dream/","3144","2011-12-12","YourMondayMotivator: Get clear, and share the dream"
"https://spike.co.nz/glenns-blog/yourmondaymotivator-sold-my-car-time-to-reflect/","https://glennedley.com/mondaymotivator/2011/yourmondaymotivator-sold-my-car-time-to-reflect/","3157","2011-11-28","YourMondayMotivator: Sold my car, time to reflect"
"https://spike.co.nz/glenns-blog/yourmondaymotivator-the-danger-of-limiting-beliefs/","https://glennedley.com/mondaymotivator/2011/yourmondaymotivator-the-danger-of-limiting-beliefs/","3163","2011-12-19","YourMondayMotivator: The danger of limiting beliefs"
"https://spike.co.nz/glenns-blog/yourmondaymotivator-thoughts-become-things/","https://glennedley.com/mondaymotivator/2011/yourmondaymotivator-thoughts-become-things/","6712","2011-12-05","YourMondayMotivator: Thoughts become things"
"https://spike.co.nz/glenns-blog/yourmondaymotivator-this-year-will-be-the-best/","https://glennedley.com/mondaymotivator/2012/yourmondaymotivator-this-year-will-be-the-best/","1278","2012-01-09","YourMondayMotivator: This year will be the best ..."
"https://spike.co.nz/glenns-blog/yourmondaymotivator-habits-that-work-for-you/","https://glennedley.com/mondaymotivator/2012/yourmondaymotivator-habits-that-work-for-you/","1289","2012-01-16","YourMondayMotivator: Habits that work for you"
"https://spike.co.nz/glenns-blog/yourmondaymotivator-argh-so-much-to-do/","https://glennedley.com/mondaymotivator/2012/yourmondaymotivator-argh-so-much-to-do/","1302","2012-01-23","YourMondayMotivator: Argh! So much to do"
"https://spike.co.nz/glenns-blog/yourmondaymotivator-will-it-make-it-faster/","https://glennedley.com/mondaymotivator/2012/yourmondaymotivator-will-it-make-it-faster/","1307","2012-01-30","YourMondayMotivator: Will it make it faster?"
"https://spike.co.nz/glenns-blog/yourmondaymotivator-why-i-hate-the-weekend/","https://glennedley.com/mondaymotivator/2012/yourmondaymotivator-why-i-hate-the-weekend/","1316","2012-02-13","YourMondayMotivator: Why I hate the weekend ..."
"https://spike.co.nz/glenns-blog/yourmondaymotivator-what-are-you-doing-for-young-people/","https://glennedley.com/mondaymotivator/2012/yourmondaymotivator-what-are-you-doing-for-young-people/","1321","2012-02-20","YourMondayMotivator: What are you doing for young people?"
"https://spike.co.nz/glenns-blog/yourmondaymotivator-kicking-fear-to-the-curb/","https://glennedley.com/mondaymotivator/2012/yourmondaymotivator-kicking-fear-to-the-curb/","1325","2012-02-27","YourMondayMotivator: Kicking Fear to the Curb"
"https://spike.co.nz/glenns-blog/yourmondaymotivator-weddings-anniversaries-and-weather/","https://glennedley.com/mondaymotivator/2012/yourmondaymotivator-weddings-anniversaries-and-weather/","1331","2012-03-05","YourMondayMotivator: Weddings, Anniversaries and Weather"
"https://spike.co.nz/glenns-blog/yourmondaymotivator-why-planning-works/","https://glennedley.com/mondaymotivator/2012/yourmondaymotivator-why-planning-works/","1333","2012-03-12","YourMondayMotivator: Why planning works"
"https://spike.co.nz/glenns-blog/yourmondaymotivator-how-to-do-10000-push-ups/","https://glennedley.com/mondaymotivator/2012/yourmondaymotivator-how-to-do-10000-push-ups/","1342","2012-03-19","YourMondayMotivator: How to do 10,000 push ups"
"https://spike.co.nz/glenns-blog/yourmondaymotivator-forget-the-reset-button/","https://glennedley.com/mondaymotivator/2012/yourmondaymotivator-forget-the-reset-button/","1344","2012-03-26","YourMondayMotivator: Forget the reset button"
"https://spike.co.nz/glenns-blog/yourmondaymotivator-we-need-to-be-great-leaders/","https://glennedley.com/mondaymotivator/2012/yourmondaymotivator-we-need-to-be-great-leaders/","1353","2012-04-02","YourMondayMotivator: We need to be great leaders."
"https://spike.co.nz/glenns-blog/yourmondaymotivator-an-experiment-of-one/","https://glennedley.com/mondaymotivator/2012/yourmondaymotivator-an-experiment-of-one/","1358","2012-04-09","YourMondayMotivator: An Experiment of One."
"https://spike.co.nz/glenns-blog/yourmondaymotivator-the-attitude-of-gratitude/","https://glennedley.com/mondaymotivator/2012/yourmondaymotivator-the-attitude-of-gratitude/","1360","2012-04-16","YourMondayMotivator: The Attitude of Gratitude"
"https://spike.co.nz/glenns-blog/yourmondaymotivator-life-is-short/","https://glennedley.com/mondaymotivator/2012/yourmondaymotivator-life-is-short/","1363","2012-04-23","YourMondayMotivator: Life is Short"
"https://spike.co.nz/glenns-blog/yourmondaymotivator-st-life-throws-at-you/","https://glennedley.com/mondaymotivator/2012/yourmondaymotivator-st-life-throws-at-you/","1369","2012-04-30","YourMondayMotivator: S**t life throws at you"
"https://spike.co.nz/glenns-blog/yourmondaymotivator-why-you-should-care-more/","https://glennedley.com/mondaymotivator/2012/yourmondaymotivator-why-you-should-care-more/","1373","2012-05-07","YourMondayMotivator: Why you should Care More"
"https://spike.co.nz/glenns-blog/yourmondaymotivator-keeping-it-simple-for-350-years/","https://glennedley.com/mondaymotivator/2012/yourmondaymotivator-keeping-it-simple-for-350-years/","1395","2012-05-14","YourMondayMotivator: Keeping it simple, for 350 years."
"https://spike.co.nz/glenns-blog/yourmondaymotivator-a-million-things-but-not-the-right-ones/","https://glennedley.com/mondaymotivator/2012/yourmondaymotivator-a-million-things-but-not-the-right-ones/","1403","2012-05-21","YourMondayMotivator: A million things, but not the right ones."
"https://spike.co.nz/glenns-blog/yourmondaymotivator-yah-yah-yah-yah/","https://glennedley.com/mondaymotivator/2012/yourmondaymotivator-yah-yah-yah-yah/","1408","2012-05-28","YourMondayMotivator: Yah yah yah YAH!"
"https://spike.co.nz/glenns-blog/yourmondaymotivator-what-are-you-willing-to-die-for/","https://glennedley.com/mondaymotivator/2012/yourmondaymotivator-what-are-you-willing-to-die-for/","1413","2012-06-04","YourMondayMotivator: What are you willing to die for?"
"https://spike.co.nz/glenns-blog/yourmondaymotivator-how-to-become-an-all-black/","https://glennedley.com/mondaymotivator/2012/yourmondaymotivator-how-to-become-an-all-black/","1426","2012-06-11","YourMondayMotivator: How to become an All Black"
"https://spike.co.nz/glenns-blog/yourmondaymotivator-be-smart-or-at-attempt-to/","https://glennedley.com/mondaymotivator/2012/yourmondaymotivator-be-smart-or-at-attempt-to/","1432","2012-06-18","YourMondayMotivator: Be smart. Or at least attempt to."
"https://spike.co.nz/glenns-blog/yourmondaymotivator-pop-an-ollie-and-innovate/","https://glennedley.com/mondaymotivator/2012/yourmondaymotivator-pop-an-ollie-and-innovate/","1438","2012-06-25","YourMondayMotivator: Pop an Ollie and innovate"
"https://spike.co.nz/glenns-blog/yourmondaymotivator-what-are-you-working-towards-right-now/","https://glennedley.com/mondaymotivator/2012/yourmondaymotivator-what-are-you-working-towards-right-now/","1442","2012-07-02","YourMondayMotivator: What are you working towards right now?"
"https://spike.co.nz/glenns-blog/yourmondaymotivator-when-in-doubt/","https://glennedley.com/mondaymotivator/2012/yourmondaymotivator-when-in-doubt/","1449","2012-07-16","YourMondayMotivator: When in doubt ..."
"https://spike.co.nz/glenns-blog/yourmondaymotivator-what-you-care-about-molds-you/","https://glennedley.com/mondaymotivator/2012/yourmondaymotivator-what-you-care-about-molds-you/","1452","2012-07-23","YourMondayMotivator: What you care about molds you"
"https://spike.co.nz/glenns-blog/yourmondaymotivator-what-if-you-were-lucky/","https://glennedley.com/mondaymotivator/2012/yourmondaymotivator-what-if-you-were-lucky/","1455","2012-07-30","YourMondayMotivator: What if you were lucky?"
"https://spike.co.nz/glenns-blog/yourmondaymotivator-a-spring-in-his-step/","https://glennedley.com/mondaymotivator/2012/yourmondaymotivator-a-spring-in-his-step/","1457","2012-08-06","YourMondayMotivator: A Spring in his step"
"https://spike.co.nz/glenns-blog/yourmondaymotivator-whats-a-little-pressure-between-friends-and-countrymen-plus-glow-kids/","https://glennedley.com/mondaymotivator/2012/yourmondaymotivator-whats-a-little-pressure-between-friends-and-countrymen-plus-glow-kids/","1461","2012-08-13","YourMondayMotivator: What's a little pressure between friends, and countrymen. Plus Glow Kids."
"https://spike.co.nz/glenns-blog/yourmondaymotivator-where-are-you-on-the-moral-scale/","https://glennedley.com/mondaymotivator/2012/yourmondaymotivator-where-are-you-on-the-moral-scale/","1467","2012-08-20","YourMondayMotivator: Where are you on the Moral Scale?"
"https://spike.co.nz/glenns-blog/yourmondaymotivator-do-you-know-your-limits/","https://glennedley.com/mondaymotivator/2012/yourmondaymotivator-do-you-know-your-limits/","1469","2012-08-27","YourMondayMotivator: Do you know your limits?"
"https://spike.co.nz/glenns-blog/yourmondaymotivator-its-spring-yay-are-you-prepared/","https://glennedley.com/mondaymotivator/2012/yourmondaymotivator-its-spring-yay-are-you-prepared/","1474","2012-09-03","YourMondayMotivator: It's Spring. Yay. Are you prepared?"
"https://spike.co.nz/glenns-blog/yourmondaymotivator-im-in/","https://glennedley.com/mondaymotivator/2012/yourmondaymotivator-im-in/","1476","2012-09-10","YourMondayMotivator: I'm in!!"
"https://spike.co.nz/glenns-blog/yourmondaymotivator-beaches-and-rain/","https://glennedley.com/mondaymotivator/2012/yourmondaymotivator-beaches-and-rain/","1480","2012-09-17","YourMondayMotivator: Beaches and rain"
"https://spike.co.nz/glenns-blog/yourmondaymotivator-shift-your-normal/","https://glennedley.com/mondaymotivator/2012/yourmondaymotivator-shift-your-normal/","1483","2012-09-24","YourMondayMotivator: Shift Your Normal"
"https://spike.co.nz/glenns-blog/yourmondaymotivator-are-you-a-mind-reader/","https://glennedley.com/mondaymotivator/2012/yourmondaymotivator-are-you-a-mind-reader/","1486","2012-10-01","YourMondayMotivator: Are you a mind reader?"
"https://spike.co.nz/glenns-blog/yourmondaymotivator-are-you-feeling-lucky/","https://glennedley.com/mondaymotivator/2012/yourmondaymotivator-are-you-feeling-lucky/","1489","2012-10-08","YourMondayMotivator: Are you feeling lucky?"
"https://spike.co.nz/glenns-blog/yourmondaymotivator-why-lists-work-sometimes/","https://glennedley.com/mondaymotivator/2012/yourmondaymotivator-why-lists-work-sometimes/","1492","2012-10-15","YourMondayMotivator: Why lists work ... sometimes."
"https://spike.co.nz/glenns-blog/yourmondaymotivator-communicate/","https://glennedley.com/mondaymotivator/2012/yourmondaymotivator-communicate/","1497","2012-10-22","YourMondayMotivator: Communicate"
"https://spike.co.nz/glenns-blog/yourmondaymotivator-porsche-passion/","https://glennedley.com/mondaymotivator/2012/yourmondaymotivator-porsche-passion/","1502","2012-10-29","YourMondayMotivator: Porsche Passion"
"https://spike.co.nz/glenns-blog/yourmondaymotivator-lord-give-me-credit/","https://glennedley.com/mondaymotivator/2012/yourmondaymotivator-lord-give-me-credit/","1505","2012-11-05","YourMondayMotivator: Lord, give me credit."
"https://spike.co.nz/glenns-blog/yourmondaymotivator-the-dumbest-idea-ever/","https://glennedley.com/mondaymotivator/2012/yourmondaymotivator-the-dumbest-idea-ever/","1508","2012-11-12","YourMondayMotivator: The dumbest idea ever?"
"https://spike.co.nz/glenns-blog/yourmondaymotivator-what-do-you-know-how-do-i-know-you-know-that/","https://glennedley.com/mondaymotivator/2012/yourmondaymotivator-what-do-you-know-how-do-i-know-you-know-that/","1511","2012-11-19","YourMondayMotivator: What do you know? How do I know you know that?"
"https://spike.co.nz/glenns-blog/yourmondaymotivator-who-do-you-talk-to/","https://glennedley.com/mondaymotivator/2012/yourmondaymotivator-who-do-you-talk-to/","1514","2012-11-26","YourMondayMotivator: Who do you talk to?"
"https://spike.co.nz/glenns-blog/yourmondaymotivator-keep-it-simple/","https://glennedley.com/mondaymotivator/2012/yourmondaymotivator-keep-it-simple/","1516","2012-12-03","YourMondayMotivator: Keep it simple ..."
"https://spike.co.nz/glenns-blog/yourmondaymotivator-what-talent-do-you-take-for-granted-or-have-forgotten-you-had/","https://glennedley.com/mondaymotivator/2012/yourmondaymotivator-what-talent-do-you-take-for-granted-or-have-forgotten-you-had/","1520","2012-12-10","YourMondayMotivator: What talent do you take for granted or have forgotten you had?"
"https://spike.co.nz/glenns-blog/yourmondaymotivator-nothing-ness/","https://glennedley.com/mondaymotivator/2012/yourmondaymotivator-nothing-ness/","1523","2012-12-17","YourMondayMotivator: Nothing-ness"
"https://spike.co.nz/glenns-blog/yourmondaymotivator-christmas-and-co/","https://glennedley.com/mondaymotivator/2012/yourmondaymotivator-christmas-and-co/","1526","2012-12-24","YourMondayMotivator: Christmas and Co."
"https://spike.co.nz/glenns-blog/yourmondaymotivator-last-day-of-2012-now-what-exciting-plus-the-4-hour-chef/","https://glennedley.com/mondaymotivator/2012/yourmondaymotivator-last-day-of-2012-now-what-exciting-plus-the-4-hour-chef/","1528","2012-12-31","YourMondayMotivator: Last day of 2012. Now what? ..... Exciting. Plus The 4-Hour Chef."
"https://spike.co.nz/glenns-blog/yourmondaymotivator-new-year-new-me-new-you/","https://glennedley.com/mondaymotivator/2013/yourmondaymotivator-new-year-new-me-new-you/","1532","2013-01-07","YourMondayMotivator: New year, new me, new you?"
"https://spike.co.nz/glenns-blog/yourmondaymotivator-the-month-is-half-over-where-are-you-at/","https://glennedley.com/mondaymotivator/2013/yourmondaymotivator-the-month-is-half-over-where-are-you-at/","1535","2013-01-14","YourMondayMotivator: The month is half over. Where are you at?"
"https://spike.co.nz/glenns-blog/yourmondaymotivator-lies-damn-lies-and-lance/","https://glennedley.com/mondaymotivator/2013/yourmondaymotivator-lies-damn-lies-and-lance/","1537","2013-01-21","YourMondayMotivator: Lies, damn lies and Lance"
"https://spike.co.nz/glenns-blog/yourmondaymotivator-its-almost-over-summer-that-is-2/","https://glennedley.com/mondaymotivator/2013/yourmondaymotivator-its-almost-over-summer-that-is-2/","1542","2013-01-28","YourMondayMotivator: It's almost over .... Summer that is."
"https://spike.co.nz/glenns-blog/yourmondaymotivator-rain-lots-of-it-and-why-things-should-run-off-your-back-like-water/","https://glennedley.com/mondaymotivator/2013/yourmondaymotivator-rain-lots-of-it-and-why-things-should-run-off-your-back-like-water/","1548","2013-02-04","YourMondayMotivator: Rain. Lots of it. And why things should run off your back like water."
"https://spike.co.nz/glenns-blog/yourmondaymotivator-why-its-always-a-good-question-have-you-stopped-asking/","https://glennedley.com/mondaymotivator/2013/yourmondaymotivator-why-its-always-a-good-question-have-you-stopped-asking/","1574","2013-02-25","YourMondayMotivator: Why? It's always a good question. Have you stopped asking?"
"https://spike.co.nz/glenns-blog/yourmondaymotivator-goals-and-guitar-practice/","https://glennedley.com/mondaymotivator/2013/yourmondaymotivator-goals-and-guitar-practice/","1581","2013-03-04","YourMondayMotivator: Goals and Guitar Practice"
"https://spike.co.nz/glenns-blog/yourmondaymotivator-just-the-facts/","https://glennedley.com/mondaymotivator/2013/yourmondaymotivator-just-the-facts/","1588","2013-03-11","YourMondayMotivator: Just the facts"
"https://spike.co.nz/glenns-blog/yourmondaymotivator-pssst-its-march-thats-right-march/","https://glennedley.com/mondaymotivator/2013/yourmondaymotivator-pssst-its-march-thats-right-march/","1591","2013-03-18","YourMondayMotivator: Pssst. It's March. That's right March ..."
"https://spike.co.nz/glenns-blog/yourmondaymotivator-sit-down-and-stay-still/","https://glennedley.com/mondaymotivator/2013/yourmondaymotivator-sit-down-and-stay-still/","6719","2013-02-11","YourMondayMotivator: Sit down. And stay still."
"https://spike.co.nz/glenns-blog/yourmondaymotivator-forget-about-the-glass-being-half-full-or-half-empty-think-about-weight/","https://glennedley.com/mondaymotivator/2013/yourmondaymotivator-forget-about-the-glass-being-half-full-or-half-empty-think-about-weigh/","1594","2013-03-25","YourMondayMotivator: Forget about the glass being half full or half empty. Think about weight."
"https://spike.co.nz/glenns-blog/yourmondaymotivator-life-is-full-of-moments/","https://glennedley.com/mondaymotivator/2013/yourmondaymotivator-life-is-full-of-moments/","1597","2013-04-01","YourMondayMotivator: Life is full of moments ..."
"https://spike.co.nz/glenns-blog/yourmondaymotivator-lifehacking-a-weekend-of-collaboration-and-making-stuff-happen/","https://glennedley.com/mondaymotivator/2013/yourmondaymotivator-lifehacking-a-weekend-of-collaboration-and-making-stuff-happen/","1599","2013-04-08","YourMondayMotivator: Lifehacking - a weekend of collaboration and making stuff happen"
"https://spike.co.nz/glenns-blog/yourmondaymotivator-youre-kidding-yourself/","https://glennedley.com/mondaymotivator/2013/yourmondaymotivator-youre-kidding-yourself/","1603","2013-04-15","YourMondayMotivator: You're kidding yourself"
"https://spike.co.nz/glenns-blog/yourmondaymotivator-what-would-you-do-if-you-won/","https://glennedley.com/mondaymotivator/2013/yourmondaymotivator-what-would-you-do-if-you-won/","1609","2013-04-22","YourMondayMotivator: What would you do if you won?"
"https://spike.co.nz/glenns-blog/yourmondaymotivator-have-you-had-a-laugh-today/","https://glennedley.com/mondaymotivator/2013/yourmondaymotivator-have-you-had-a-laugh-today/","1612","2013-04-29","YourMondayMotivator: Have you had a laugh today?"
"https://spike.co.nz/glenns-blog/yourmondaymotivator-wherever-you-go-there-you-are/","https://glennedley.com/mondaymotivator/2013/yourmondaymotivator-wherever-you-go-there-you-are/","1615","2013-05-06","YourMondayMotivator: Wherever you go, there you are."
"https://spike.co.nz/glenns-blog/yourmondaymotivator-you-are-not-your-job-title/","https://glennedley.com/mondaymotivator/2013/yourmondaymotivator-you-are-not-your-job-title/","1619","2013-05-13","YourMondayMotivator: You are not your job title"
"https://spike.co.nz/glenns-blog/yourmondaymotivator-more-and-more-people-are-simplifying-their-lives/","https://glennedley.com/mondaymotivator/2013/yourmondaymotivator-more-and-more-people-are-simplifying-their-lives/","1659","2013-05-20","YourMondayMotivator: More and more people are simplifying their lives."
"https://spike.co.nz/glenns-blog/yourmondaymotivator-how-do-you-spend-your-time/","https://glennedley.com/mondaymotivator/2013/yourmondaymotivator-how-do-you-spend-your-time/","1677","2013-05-27","YourMondayMotivator: How do you spend your time?"
"https://spike.co.nz/glenns-blog/yourmondaymotivator-a-case-for-outsourcing-your-happiness/","https://glennedley.com/mondaymotivator/2013/yourmondaymotivator-a-case-for-outsourcing-your-happiness/","1681","2013-06-03","YourMondayMotivator: A case for outsourcing - your Happiness."
"https://spike.co.nz/glenns-blog/yourmondaymotivator-what-hurting-my-back-taught-me/","https://glennedley.com/mondaymotivator/2013/yourmondaymotivator-what-hurting-my-back-taught-me/","1689","2013-06-10","YourMondayMotivator: What hurting my back taught me"
"https://spike.co.nz/glenns-blog/yourmondaymotivator-my-life-sucks/","https://glennedley.com/mondaymotivator/2013/yourmondaymotivator-my-life-sucks/","1694","2013-06-17","YourMondayMotivator: ""My Life sucks!"""
"https://spike.co.nz/glenns-blog/yourmondaymotivator-when-do-you-give-up/","https://glennedley.com/mondaymotivator/2013/yourmondaymotivator-when-do-you-give-up/","1697","2013-06-24","YourMondayMotivator: When do you give up?"
"https://spike.co.nz/glenns-blog/yourmondaymotivator-what-doing-vacuuming-yes-vacuuming-taught-me/","https://glennedley.com/mondaymotivator/2013/yourmondaymotivator-what-doing-vacuuming-yes-vacuuming-taught-me/","1699","2013-07-01","YourMondayMotivator: What doing vacuuming, yes vacuuming taught me."
"https://spike.co.nz/glenns-blog/yourmondaymotivator-uh-oh-no-idea-and-im-late/","https://glennedley.com/mondaymotivator/2013/yourmondaymotivator-uh-oh-no-idea-and-im-late/","1702","2013-07-08","YourMondayMotivator: Uh oh! No idea and I'm late!"
"https://spike.co.nz/glenns-blog/yourmondaymotivator-running-with-bulls-is-a-really-bad-idea/","https://glennedley.com/mondaymotivator/2013/yourmondaymotivator-running-with-bulls-is-a-really-bad-idea/","1706","2013-07-15","YourMondayMotivator: Running with Bulls is a really bad idea."
"https://spike.co.nz/glenns-blog/yourmondaymotivator-those-big-boats-are-well-big-and-really-really-fast/","https://glennedley.com/mondaymotivator/2013/yourmondaymotivator-those-big-boats-are-well-big-and-really-really-fast/","1709","2013-07-22","YourMondayMotivator: Those big boats are, well, big. And really, really fast."
"https://spike.co.nz/glenns-blog/yourmondaymotivator-risk-isnt-convenient-any-more/","https://glennedley.com/mondaymotivator/2013/yourmondaymotivator-risk-isnt-convenient-any-more/","1711","2013-07-29","YourMondayMotivator: ""Risk isn't convenient any more."""
"https://spike.co.nz/glenns-blog/yourmondaymotivator-persistence-a-season-long-story-by-scott-dixon/","https://glennedley.com/mondaymotivator/2013/yourmondaymotivator-persistence-a-season-long-story-by-scott-dixon/","1713","2013-08-05","YourMondayMotivator: Persistence - a season long story by Scott Dixon"
"https://spike.co.nz/glenns-blog/yourmondaymotivator-why-im-cheering-for-artemis/","https://glennedley.com/mondaymotivator/2013/yourmondaymotivator-why-im-cheering-for-artemis/","1715","2013-08-12","YourMondayMotivator: Why I'm cheering for Artemis"
"https://spike.co.nz/glenns-blog/yourmondaymotivator-overcoming-obstacles-choose-carefully/","https://glennedley.com/mondaymotivator/2013/yourmondaymotivator-overcoming-obstacles-choose-carefully/","1718","2013-08-19","YourMondayMotivator: Overcoming obstacles - choose carefully."
"https://spike.co.nz/glenns-blog/yourmondaymotivator-whats-in-your-toolbox/","https://glennedley.com/mondaymotivator/2013/yourmondaymotivator-whats-in-your-toolbox/","1723","2013-08-26","YourMondayMotivator: What's in your toolbox?"
"https://spike.co.nz/glenns-blog/yourmondaymotivator-fathers-day-bacon-and-eggs/","https://glennedley.com/mondaymotivator/2013/yourmondaymotivator-fathers-day-bacon-and-eggs/","1727","2013-09-02","YourMondayMotivator: Fathers Day + bacon and eggs."
"https://spike.co.nz/glenns-blog/yourmondaymotivator-work-at-speed/","https://glennedley.com/mondaymotivator/2013/yourmondaymotivator-work-at-speed/","1730","2013-09-16","YourMondayMotivator - Work at speed"
"https://spike.co.nz/glenns-blog/yourmondaymotivator-a-collective-arrgh/","https://glennedley.com/mondaymotivator/2013/yourmondaymotivator-a-collective-arrgh/","1732","2013-09-23","YourMondayMotivator: A collective arrgh!"
"https://spike.co.nz/glenns-blog/yourmondaymotivator-who-do-you-identify-with/","https://glennedley.com/mondaymotivator/2013/yourmondaymotivator-who-do-you-identify-with/","1735","2013-09-30","YourMondayMotivator: Who do you identify with?"
"https://spike.co.nz/glenns-blog/yourmondaymotivator-do-you-really-need-to-spend-more-time-at-work-or-working/","https://glennedley.com/mondaymotivator/2013/yourmondaymotivator-do-you-really-need-to-spend-more-time-at-work-or-working/","1737","2013-10-07","YourMondayMotivator: Do you really need to spend more time at work or working?"
"https://spike.co.nz/glenns-blog/yourmondaymotivator-bbq-bathurst-and-babies-keep-on-keeping-on/","https://glennedley.com/mondaymotivator/2013/yourmondaymotivator-bbq-bathurst-and-babies-keep-on-keeping-on/","1740","2013-10-14","YourMondayMotivator: BBQ, Bathurst and Babies + keep on keeping on."
"https://spike.co.nz/glenns-blog/youmondaymotivator-ive-got-a-question/","https://glennedley.com/mondaymotivator/2013/youmondaymotivator-ive-got-a-question/","1743","2013-10-21","YourMondayMotivator: I've got a question ..."
"https://spike.co.nz/glenns-blog/yourmondaymotivator-the-centre-of-your-universe/","https://glennedley.com/mondaymotivator/2013/yourmondaymotivator-the-centre-of-your-universe/","1746","2013-10-28","YourMondayMotivator: The Centre of Your Universe"
"https://spike.co.nz/glenns-blog/yourmondaymotivator-fearing-the-fear/","https://glennedley.com/mondaymotivator/2013/yourmondaymotivator-fearing-the-fear/","1749","2013-11-04","YourMondayMotivator: Fearing the fear"
"https://spike.co.nz/glenns-blog/yourmondaymotivator-its-not-where-youre-from/","https://glennedley.com/mondaymotivator/2013/yourmondaymotivator-its-not-where-youre-from/","1754","2013-11-11","YourMondayMotivator: It's not where you're from."
"https://spike.co.nz/glenns-blog/yourmondaymotivator-how-quickly-can-you-start-again/","https://glennedley.com/mondaymotivator/2013/yourmondaymotivator-how-quickly-can-you-start-again/","1756","2013-11-18","YourMondayMotivator: How quickly can you start again?"
"https://spike.co.nz/glenns-blog/yourmondaymotivator-do-you-have-to-make-use-of-a-longer-day/","https://glennedley.com/mondaymotivator/2013/yourmondaymotivator-do-you-have-to-make-use-of-a-longer-day/","1759","2013-11-25","YourMondayMotivator: Do you have to make use of a longer day?"
"https://spike.co.nz/glenns-blog/yourmondaymotivator-your-place-of-productivity-crashing-colossus/","https://glennedley.com/mondaymotivator/2013/yourmondaymotivator-your-place-of-productivity-crashing-colossus/","1763","2013-12-02","YourMondayMotivator: Your place of productivity + Crashing Colossus"
"https://spike.co.nz/glenns-blog/yourmondaymotivator-dont-give-up-now/","https://glennedley.com/mondaymotivator/2013/yourmondaymotivator-dont-give-up-now/","1766","2013-12-09","YourMondayMotivator: Don't give up now!"
"https://spike.co.nz/glenns-blog/yourmondaymotivator-whose-expectations-are-you-living-up-too/","https://glennedley.com/mondaymotivator/2013/yourmondaymotivator-whose-expectations-are-you-living-up-too/","1768","2013-12-16","YourMondayMotivator: Whose expectations are you living up too?"
"https://spike.co.nz/glenns-blog/yourmondaymotivator-whos-body-is-this/","https://glennedley.com/mondaymotivator/2013/yourmondaymotivator-whos-body-is-this/","1771","2013-12-23","YourMondayMotivator: Whose body is this?"
"https://spike.co.nz/glenns-blog/this-year-will-be-the-best-year-of-our-life-because/","https://glennedley.com/mondaymotivator/2013/this-year-will-be-the-best-year-of-our-life-because/","1774","2013-12-30","This year will be the best year of our Life because ...."
"https://spike.co.nz/glenns-blog/yourmondaymotivator-were-back-well-some-of-us/","https://glennedley.com/mondaymotivator/2014/yourmondaymotivator-were-back-well-some-of-us/","1777","2014-01-06","YourMondayMotivator: We're back. Well some of us."
"https://spike.co.nz/glenns-blog/yourmondaymotivator-whats-in-a-name/","https://glennedley.com/mondaymotivator/2014/yourmondaymotivator-whats-in-a-name/","1782","2014-01-20","YourMondayMotivator: What's in a name?"
"https://spike.co.nz/glenns-blog/yourmondaymotivator-you-need-a-notebook/","https://glennedley.com/mondaymotivator/2014/yourmondaymotivator-you-need-a-notebook/","1784","2014-01-27","YourMondayMotivator: You need a notebook"
"https://spike.co.nz/glenns-blog/yourmondaymotivator-why-i-think-dying-sucks-and-what-im-doing-about-it/","https://glennedley.com/mondaymotivator/2014/yourmondaymotivator-why-i-think-dying-sucks-and-what-im-doing-about-it/","1787","2014-02-03","YourMondayMotivator: Why I think dying sucks ... and what I'm doing about it."
"https://spike.co.nz/glenns-blog/yourmondaymotivator-knowing-your-fate-will-set-you-free/","https://glennedley.com/mondaymotivator/2014/yourmondaymotivator-knowing-your-fate-will-set-you-free/","1789","2014-02-10","YourMondayMotivator: Knowing your fate will set you free."
"https://spike.co.nz/glenns-blog/yourmondaymotivator-so-who-do-you-think-you-are/","https://glennedley.com/mondaymotivator/2014/yourmondaymotivator-so-who-do-you-think-you-are/","1792","2014-02-17","YourMondayMotivator: So, who do you think you are?"
"https://spike.co.nz/glenns-blog/yourmondaymotivator-im-annoyed/","https://glennedley.com/mondaymotivator/2014/yourmondaymotivator-im-annoyed/","1795","2014-02-24","YourMondayMotivator: I'm annoyed"
"https://spike.co.nz/glenns-blog/yourmondaymotivator-teamwork-and-communication-thoughts-from-the-weekends-ecolight-targa-sprint/","https://glennedley.com/mondaymotivator/2014/yourmondaymotivator-teamwork-and-communication-thoughts-from-the-weekends-ecolight-targa-s/","1798","2014-03-03","YourMondayMotivator: Teamwork and Communication. Thoughts from the weekends Ecolight Targa Sprint."
"https://spike.co.nz/glenns-blog/yourmondaymotivator-whats-up-with-mondays/","https://glennedley.com/mondaymotivator/2014/yourmondaymotivator-whats-up-with-mondays/","1800","2014-03-10","YourMondayMotivator: What's up with Mondays?"
"https://spike.co.nz/glenns-blog/yourmondaymotivator-my-drug-of-choice/","https://glennedley.com/mondaymotivator/2014/yourmondaymotivator-my-drug-of-choice/","1808","2014-03-24","YourMondayMotivator: My drug of choice"
"https://spike.co.nz/glenns-blog/yourmondaymotivator-why-you-should-practice-sustained-effort-in-things-you-cant-do-well/","https://glennedley.com/mondaymotivator/2014/yourmondaymotivator-why-you-should-practice-sustained-effort-in-things-you-cant-do-well/","1811","2014-03-31","YourMondayMotivator: Why you should practice sustained effort in things you can't do well"
"https://spike.co.nz/glenns-blog/yourmondaymotivator-the-practice-of-doing-good/","https://glennedley.com/mondaymotivator/2014/yourmondaymotivator-the-practice-of-doing-good/","1815","2014-04-07","YourMondayMotivator: The practice of doing good"
"https://spike.co.nz/glenns-blog/yourmondaymotivator-cars-kids-colds-chocolate-and-control/","https://glennedley.com/mondaymotivator/2014/yourmondaymotivator-cars-kids-colds-chocolate-and-control/","1821","2014-04-21","YourMondayMotivator: Cars, kids, colds, chocolate and control"
"https://spike.co.nz/glenns-blog/yourmondaymotivator-the-dan-sullivan-question/","https://glennedley.com/mondaymotivator/2014/yourmondaymotivator-the-dan-sullivan-question/","1824","2014-04-28","YourMondayMotivator: The Dan Sullivan Question"
"https://spike.co.nz/glenns-blog/yourmondaymotivator-do-i-belong-here/","https://glennedley.com/mondaymotivator/2014/yourmondaymotivator-do-i-belong-here/","1827","2014-05-05","YourMondayMotivator: Do I belong here?"
"https://spike.co.nz/glenns-blog/yourmondaymotivator-mr-consistency/","https://glennedley.com/mondaymotivator/2014/yourmondaymotivator-mr-consistency/","1836","2014-05-26","YourMondayMotivator: Mr Consistency"
"https://spike.co.nz/glenns-blog/yourmondaymotivator-finished/","https://glennedley.com/mondaymotivator/2014/yourmondaymotivator-finished/","1839","2014-05-19","YourMondayMotivator: Finished!"
"https://spike.co.nz/glenns-blog/yourmondaymotivator-imagine-if/","https://glennedley.com/mondaymotivator/2014/yourmondaymotivator-imagine-if/","1841","2014-05-12","YourMondayMotivator: Imagine if ..."
"https://spike.co.nz/glenns-blog/the-difference-between-professional-and-amateur/","https://glennedley.com/mondaymotivator/2014/the-difference-between-professional-and-amateur/","6720","2014-03-17","YourMondayMotivator: One BIG difference between amateurs and professionals"
"https://spike.co.nz/glenns-blog/yourmondaymotivator-balance-why-you-need-it/","https://glennedley.com/mondaymotivator/2014/yourmondaymotivator-balance-why-you-need-it/","6721","2014-04-14","YourMondayMotivator: Balance, why you need it."
"https://spike.co.nz/glenns-blog/yourmondaymotivator-behind-every-great-man-is-a-great-woman/","https://glennedley.com/mondaymotivator/2014/yourmondaymotivator-behind-every-great-man-is-a-great-woman/","1831","2014-06-09","YourMondayMotivator: Behind every great man is a great woman?"
"https://spike.co.nz/glenns-blog/yourmondaymotivator-how-are-you-tracking/","https://glennedley.com/mondaymotivator/2014/yourmondaymotivator-how-are-you-tracking/","1834","2014-06-02","YourMondayMotivator: How are you tracking?"
"https://spike.co.nz/glenns-blog/yourmondaymotivator-on-being-competitive-and-footballers-as-role-models/","https://glennedley.com/mondaymotivator/2014/yourmondaymotivator-on-being-competitive-and-footballers-as-role-models/","1851","2014-06-16","YourMondayMotivator: On being competitive and footballers as role models"
"https://spike.co.nz/glenns-blog/yourmondaymotivator-questions-lots-of-questions/","https://glennedley.com/mondaymotivator/2014/yourmondaymotivator-questions-lots-of-questions/","1857","2014-06-24","YourMondayMotivator: Questions. Lots of questions"
"https://spike.co.nz/glenns-blog/programming-problem-solving/","https://glennedley.com/mondaymotivator/2014/programming-problem-solving/","1861","2014-06-30","YourMondayMotivator: Programming and problem solving"
"https://spike.co.nz/glenns-blog/what-keeps-you-awake/","https://glennedley.com/mondaymotivator/2014/what-keeps-you-awake/","1870","2014-07-07","YourMondayMotivator: What keeps you awake?"
"https://spike.co.nz/glenns-blog/lying-for-no-reason/","https://glennedley.com/mondaymotivator/2014/lying-for-no-reason/","1874","2014-07-14","YourMondayMotivator: Lying for no reason"
"https://spike.co.nz/glenns-blog/love-it-when-plan-comes-together/","https://glennedley.com/mondaymotivator/2014/love-it-when-plan-comes-together/","1878","2014-07-21","YourMondayMotivator: I love it when a plan comes together"
"https://spike.co.nz/glenns-blog/finding-time-fundamentals/","https://glennedley.com/mondaymotivator/2014/finding-time-fundamentals/","1882","2014-07-28","YourMondayMotivator: Finding time for the fundamentals"
"https://spike.co.nz/glenns-blog/let-go-now/","https://glennedley.com/mondaymotivator/2014/let-go-now/","1889","2014-08-04","YourMondayMotivator: Let go, now"
"https://spike.co.nz/glenns-blog/go-with-your-gut/","https://glennedley.com/mondaymotivator/2014/go-with-your-gut/","1893","2014-08-11","YourMondayMotivator: Go with your gut"
"https://spike.co.nz/glenns-blog/survived-weekend-with-2%c2%bd-year-old/","https://glennedley.com/mondaymotivator/2014/survived-weekend-with-2-c2-bd-year-old/","1903","2014-08-18","YourMondayMotivator: I survived the weekend with a 2½ year old"
"https://spike.co.nz/glenns-blog/5-things-learned-10-years-writing-mondaymotivator/","https://glennedley.com/mondaymotivator/2014/5-things-learned-10-years-writing-mondaymotivator/","1943","2014-09-15","YourMondayMotivator: 5 things I've learned from 10 years of writing the MondayMotivator"
"https://spike.co.nz/glenns-blog/the-best-thing-about-mondaymotivator-was-the-way-it-changed-my-life/","https://glennedley.com/mondaymotivator/2017/the-best-thing-about-mondaymotivator-was-the-way-it-changed-my-life/","3224","2017-05-22","The best thing about MondayMotivator was the way it changed my life"
"https://spike.co.nz/glenns-blog/spend-some-time-working-out-what-will-inspire-you/","https://glennedley.com/mondaymotivator/2017/spend-some-time-working-out-what-will-inspire-you/","3225","2017-05-29","Spend some time working out what will inspire you"
"https://spike.co.nz/glenns-blog/be-bold-this-week/","https://glennedley.com/mondaymotivator/2017/be-bold-this-week/","3227","2017-06-05","Be BOLD this week."
"https://spike.co.nz/glenns-blog/are-the-decisions-youre-making-strengthening-or-weakening/","https://glennedley.com/mondaymotivator/2017/are-the-decisions-youre-making-strengthening-or-weakening/","3228","2017-06-12","Are the decisions you're making strengthening, or weakening?"
"https://spike.co.nz/glenns-blog/it-just-takes-focus/","https://glennedley.com/mondaymotivator/2017/it-just-takes-focus/","3229","2017-06-19","It just takes FOCUS"
"https://spike.co.nz/glenns-blog/find-the-hulk-in-you/","https://glennedley.com/mondaymotivator/2017/find-the-hulk-in-you/","3230","2017-06-26","Find The Hulk in you."
"https://spike.co.nz/glenns-blog/what-is-freedom-to-you/","https://glennedley.com/mondaymotivator/2017/what-is-freedom-to-you/","3231","2017-07-03","What is freedom to you?"
"https://spike.co.nz/glenns-blog/dont-know-how-to-relax/","https://glennedley.com/mondaymotivator/2017/dont-know-how-to-relax/","3232","2017-07-10","Don't know how to relax?"
"https://spike.co.nz/glenns-blog/we-all-have-our-flaws-but-that-only-makes-our-lives-more-rewarding/","https://glennedley.com/mondaymotivator/2017/we-all-have-our-flaws-but-that-only-makes-our-lives-more-rewarding/","3234","2017-07-24","We all have our flaws. But that only makes our lives more rewarding."
"https://spike.co.nz/glenns-blog/what-are-your-favourite-ways-to-relax/","https://glennedley.com/mondaymotivator/2017/what-are-your-favourite-ways-to-relax/","3235","2017-07-31","What are your favourite ways to relax?"
"https://spike.co.nz/glenns-blog/are-you-a-giant/","https://glennedley.com/mondaymotivator/2017/are-you-a-giant/","3236","2017-08-07","Are you a giant?"
"https://spike.co.nz/glenns-blog/how-to-learn-to-let-things-go/","https://glennedley.com/mondaymotivator/2017/how-to-learn-to-let-things-go/","3237","2017-08-14","How to learn to let things go."
"https://spike.co.nz/glenns-blog/were-all-guilty-of-little-white-lies-but-we-shouldnt-be/","https://glennedley.com/mondaymotivator/2017/were-all-guilty-of-little-white-lies-but-we-shouldnt-be/","3238","2017-08-21","We're all guilty of little white lies. But we shouldn't be."
"https://spike.co.nz/glenns-blog/helping-someone-and-expecting-nothing-back-is-good-for-you/","https://glennedley.com/mondaymotivator/2017/helping-someone-and-expecting-nothing-back-is-good-for-you/","3239","2017-08-28","Helping someone and expecting nothing back is good for you."
"https://spike.co.nz/glenns-blog/hard-work-or-pc-platitudes/","https://glennedley.com/mondaymotivator/2017/hard-work-or-pc-platitudes/","3241","2017-09-11","Hard work or PC platitudes?"
"https://spike.co.nz/glenns-blog/weve-got-a-big-question-for-you-plus-something-new/","https://glennedley.com/mondaymotivator/2017/weve-got-a-big-question-for-you-plus-something-new/","3242","2017-09-18","We've got a big question for you - plus something new."
"https://spike.co.nz/glenns-blog/how-do-you-create-balance/","https://glennedley.com/mondaymotivator/2017/how-do-you-create-balance/","3243","2017-09-25","How do you create balance?"
"https://spike.co.nz/glenns-blog/going-the-extra-mile-will-bring-you-the-rewards-you-deserve/","https://glennedley.com/mondaymotivator/2017/going-the-extra-mile-will-bring-you-the-rewards-you-deserve/","3245","2017-10-09","Going the extra mile will bring you the rewards you deserve."
"https://spike.co.nz/glenns-blog/getting-started-is-hard-but-momentum-will-keep-you-going/","https://glennedley.com/mondaymotivator/2017/getting-started-is-hard-but-momentum-will-keep-you-going/","3246","2017-10-16","Getting started is hard - but momentum will keep you going."
"https://spike.co.nz/glenns-blog/success-in-business-is-all-about-smiles-personal-follow-up-listening/","https://glennedley.com/mondaymotivator/2017/success-in-business-is-all-about-smiles-personal-follow-up-listening/","3247","2017-10-23","Success in business is all about smiles, personal follow up & listening"
"https://spike.co.nz/glenns-blog/glenns-ten-top-tips-for-monday-motivation/","https://glennedley.com/mondaymotivator/2017/glenns-ten-top-tips-for-monday-motivation/","3248","2017-10-30","Glenn's Ten Top Tips for Monday Motivation"
"https://spike.co.nz/glenns-blog/you-cant-force-a-seed-to-grow/","https://glennedley.com/mondaymotivator/2017/you-cant-force-a-seed-to-grow/","3249","2017-11-06","You can't force a seed to grow."
"https://spike.co.nz/glenns-blog/what-is-motivating-you/","https://glennedley.com/mondaymotivator/2017/what-is-motivating-you/","3250","2017-11-13","What is motivating you?"
"https://spike.co.nz/glenns-blog/are-you-worried-about-something-today/","https://glennedley.com/mondaymotivator/2017/are-you-worried-about-something-today/","3251","2017-11-20","Are you worried about something today?"
"https://spike.co.nz/glenns-blog/dont-let-your-shine-be-dulled/","https://glennedley.com/mondaymotivator/2017/dont-let-your-shine-be-dulled/","6726","2017-07-17","Don't let your shine be dulled."
"https://spike.co.nz/glenns-blog/imagination-the-difference-between-humans-and-animals/","https://glennedley.com/mondaymotivator/2017/imagination-the-difference-between-humans-and-animals/","6727","2017-09-04","Imagination - the difference between humans and animals?"
"https://spike.co.nz/glenns-blog/once-youve-grown-your-confidence-and-skills-they-never-shrink-back/","https://glennedley.com/mondaymotivator/2017/once-youve-grown-your-confidence-and-skills-they-never-shrink-back/","6728","2017-10-02","Once you’ve grown your confidence and skills they never shrink back."
"https://spike.co.nz/glenns-blog/whats-the-difference-between-a-moth-and-a-cockroach/","https://glennedley.com/mondaymotivator/2017/whats-the-difference-between-a-moth-and-a-cockroach/","3252","2017-11-27","What's the difference between a moth and a cockroach?"
"https://spike.co.nz/glenns-blog/before-passing-judgement-remember-they-might-be-learning-how-to-spell-mississippi/","https://glennedley.com/mondaymotivator/2017/before-passing-judgement-remember-they-might-be-learning-how-to-spell-mississippi/","3253","2017-12-04","Before passing judgement, remember they might be learning how to spell Mississippi."
"https://spike.co.nz/glenns-blog/do-you-take-responsibility-for-your-actions/","https://glennedley.com/mondaymotivator/2017/do-you-take-responsibility-for-your-actions/","3254","2017-12-11","Do YOU take responsibility for your actions?"
"https://spike.co.nz/glenns-blog/a-lone-cookie-remains-on-the-plate-can-you-resist-temptation/","https://glennedley.com/mondaymotivator/2017/a-lone-cookie-remains-on-the-plate-can-you-resist-temptation/","3255","2017-12-18","A lone cookie remains on the plate... can you resist temptation?"
"https://spike.co.nz/glenns-blog/are-you-the-main-character-in-your-story/","https://glennedley.com/mondaymotivator/2018/are-you-the-main-character-in-your-story/","3256","2018-01-22","Are you the main character in your story?"
"https://spike.co.nz/glenns-blog/set-your-goals-and-aim-yourself-at-them-with-enthusiasm/","https://glennedley.com/mondaymotivator/2018/set-your-goals-and-aim-yourself-at-them-with-enthusiasm/","3257","2018-01-15","Set your goals, and aim yourself at them with enthusiasm!"
"https://spike.co.nz/glenns-blog/benefits-of-having-a-positive-attitude/","https://glennedley.com/mondaymotivator/2018/benefits-of-having-a-positive-attitude/","3259","2018-02-05","Benefits of having a positive attitude!"
"https://spike.co.nz/glenns-blog/10-simple-things-dogs-can-teach-us-about-what-life-is-all-about/","https://glennedley.com/mondaymotivator/2018/10-simple-things-dogs-can-teach-us-about-what-life-is-all-about/","3260","2018-02-12","10 simple things dogs can teach us about what life is all about"
"https://spike.co.nz/glenns-blog/what-do-a-football-coach-and-an-airline-boss-have-in-common/","https://glennedley.com/mondaymotivator/2018/what-do-a-football-coach-and-an-airline-boss-have-in-common/","3261","2018-02-19","What do a football coach and an airline boss have in common?"
"https://spike.co.nz/glenns-blog/how-desire-makes-difference-between-winning-and-losing/","https://glennedley.com/mondaymotivator/2018/how-desire-makes-difference-between-winning-and-losing/","3262","2018-02-26","How Desire makes difference between winning and losing"
"https://spike.co.nz/glenns-blog/logic-makes-people-think-and-emotion-makes-people-act/","https://glennedley.com/mondaymotivator/2018/logic-makes-people-think-and-emotion-makes-people-act/","3263","2018-03-05","Logic makes people think and emotion makes people act"
"https://spike.co.nz/glenns-blog/eat-more-ice-cream/","https://glennedley.com/mondaymotivator/2018/eat-more-ice-cream/","3264","2018-03-12","Eat more ice cream."
"https://spike.co.nz/glenns-blog/lets-go-back-to-the-basics/","https://glennedley.com/mondaymotivator/2018/lets-go-back-to-the-basics/","3265","2018-03-19","Let’s go back to the basics"
"https://spike.co.nz/glenns-blog/dont-be-a-sore-loser/","https://glennedley.com/mondaymotivator/2018/dont-be-a-sore-loser/","3267","2018-04-02","Don’t be a sore loser!"
"https://spike.co.nz/glenns-blog/its-always-the-small-things/","https://glennedley.com/mondaymotivator/2018/its-always-the-small-things/","3269","2018-04-16","It’s always the small things"
"https://spike.co.nz/glenns-blog/have-faith-in-yourself-because-faith-is-unlimited/","https://glennedley.com/mondaymotivator/2018/have-faith-in-yourself-because-faith-is-unlimited/","3588","2018-02-07","Have faith in yourself because faith is unlimited"
"https://spike.co.nz/glenns-blog/an-inspirational-lesson-from-steve-jobs-we-should-all-take-to-heart/","https://glennedley.com/mondaymotivator/2018/an-inspirational-lesson-from-steve-jobs-we-should-all-take-to-heart/","6729","2018-01-29","An inspirational lesson from Steve Jobs we should all take to heart"
"https://spike.co.nz/glenns-blog/you-are-more-powerful-than-you-know/","https://glennedley.com/mondaymotivator/2018/you-are-more-powerful-than-you-know/","6730","2018-03-26","You are more powerful than you know"
"https://spike.co.nz/glenns-blog/have-you-done-enough-lately/","https://glennedley.com/mondaymotivator/2018/have-you-done-enough-lately/","6731","2018-04-09","Have you done enough lately?"
"https://spike.co.nz/glenns-blog/what-does-being-successful-truly-mean/","https://glennedley.com/mondaymotivator/2018/what-does-being-successful-truly-mean/","6732","2018-04-23","What does being successful truly mean?"
"https://spike.co.nz/glenns-blog/lying-we-all-do-it-yes-we-do/","https://glennedley.com/mondaymotivator/2018/lying-we-all-do-it-yes-we-do/","3271","2018-04-30","Lying. We all do it. Yes we do."
"https://spike.co.nz/glenns-blog/how-do-you-sleep-at-night/","https://glennedley.com/mondaymotivator/2018/how-do-you-sleep-at-night/","3272","2018-05-07","How do you sleep at night?"
"https://spike.co.nz/glenns-blog/are-you-in-the-top-1-in-your-field/","https://glennedley.com/mondaymotivator/2018/are-you-in-the-top-1-in-your-field/","3274","2018-05-21","Are you in the top 1% in your field?"
"https://spike.co.nz/glenns-blog/if-you-want-to-succeed-you-have-be-an-addict-addicted-to-success/","https://glennedley.com/mondaymotivator/2018/if-you-want-to-succeed-you-have-be-an-addict-addicted-to-success/","3275","2018-05-28","If you want to succeed you have be an addict; addicted to SUCCESS"
"https://spike.co.nz/glenns-blog/understanding-what-our-client-needs/","https://glennedley.com/mondaymotivator/2018/understanding-what-our-client-needs/","3277","2018-06-11","Understanding what our client needs"
"https://spike.co.nz/glenns-blog/we-are-the-champions-of-the-world-notfootballrelated/","https://glennedley.com/mondaymotivator/2018/we-are-the-champions-of-the-world-notfootballrelated/","3590","2018-07-23","We are the champions of the world! #notfootballrelated"
"https://spike.co.nz/glenns-blog/the-key-to-a-happier-life/","https://glennedley.com/mondaymotivator/2018/the-key-to-a-happier-life/","3591","2018-07-23","The key to a happier life"
"https://spike.co.nz/glenns-blog/whats-your-excuse-this-time/","https://glennedley.com/mondaymotivator/2018/whats-your-excuse-this-time/","6733","2018-05-14","What’s your excuse this time?"
"https://spike.co.nz/glenns-blog/what-is-kaizen/","https://glennedley.com/mondaymotivator/2018/what-is-kaizen/","6734","2018-06-04","What is Kaizen?"
"https://spike.co.nz/glenns-blog/how-is-your-sense-of-humour/","https://glennedley.com/mondaymotivator/2018/how-is-your-sense-of-humour/","6735","2018-06-25","How is your sense of humour?"
"https://spike.co.nz/glenns-blog/do-you-take-responsibility-for-your-actions-2/","https://glennedley.com/mondaymotivator/2018/do-you-take-responsibility-for-your-actions-2/","6742","2018-09-03","Do you take responsibility for your actions?"
"https://spike.co.nz/glenns-blog/what-are-you-worried-about-today/","https://glennedley.com/mondaymotivator/2018/what-are-you-worried-about-today/","6743","2018-08-27","What are you worried about today?"
"https://spike.co.nz/glenns-blog/what-motivates-you/","https://glennedley.com/mondaymotivator/2018/what-motivates-you/","6744","2018-08-20","What motivates you?"
"https://spike.co.nz/glenns-blog/were-born-with-two-ears-and-one-mouth/","https://glennedley.com/mondaymotivator/2018/were-born-with-two-ears-and-one-mouth/","6745","2018-08-13","We’re born with two ears and one mouth."
"https://spike.co.nz/glenns-blog/what-is-excellence/","https://glennedley.com/mondaymotivator/2018/what-is-excellence/","6746","2018-08-06","What is excellence?"
"https://spike.co.nz/glenns-blog/life-doesnt-have-to-be-an-obstacle-course/","https://glennedley.com/mondaymotivator/2018/life-doesnt-have-to-be-an-obstacle-course/","6747","2018-07-30","Life doesn’t have to be an obstacle course!"
"https://spike.co.nz/glenns-blog/we-are-the-champions-of-the-world-notfootballrelated-2/","https://glennedley.com/mondaymotivator/2018/we-are-the-champions-of-the-world-notfootballrelated-2/","6748","2018-07-16","We are the champions of the world! #notfootballrelated"
"https://spike.co.nz/glenns-blog/the-art-of-appreciation/","https://glennedley.com/mondaymotivator/2018/the-art-of-appreciation/","6749","2018-07-09","The Art of Appreciation"
"https://spike.co.nz/glenns-blog/have-faith-in-yourself-because-faith-is-unlimited-2/","https://glennedley.com/mondaymotivator/2018/have-faith-in-yourself-because-faith-is-unlimited-2/","6750","2018-07-02","Have faith in yourself because faith is unlimited"
"https://spike.co.nz/glenns-blog/13-easy-tips-for-being-effective-2/","https://glennedley.com/mondaymotivator/2018/13-easy-tips-for-being-effective-2/","6751","2018-06-25","13 Easy Tips For Being Effective"
"https://spike.co.nz/glenns-blog/why-you-should-say-no-more-often/","https://glennedley.com/mondaymotivator/2019/why-you-should-say-no-more-often/","3966","2019-01-14","Why You Should Say ""No"" More Often"
"https://spike.co.nz/glenns-blog/happy-new-year-start-living-a-long-healthy-life/","https://glennedley.com/mondaymotivator/2018/happy-new-year-start-living-a-long-healthy-life/","3970","2018-12-31","Happy New Year! Start living a long healthy life"
"https://spike.co.nz/glenns-blog/happy-new-year-start-living-a-long-healthy-life-2/","https://glennedley.com/mondaymotivator/2018/happy-new-year-start-living-a-long-healthy-life-2/","3972","2018-12-24","Happy New Year! Start living a long healthy life"
"https://spike.co.nz/glenns-blog/want-to-come-up-with-some-great-ideas-check-this-out/","https://glennedley.com/mondaymotivator/2018/want-to-come-up-with-some-great-ideas-check-this-out/","3974","2018-12-17","Want to come up with some great ideas? Check this out!"
"https://spike.co.nz/glenns-blog/got-grit-i-bet-you-do/","https://glennedley.com/mondaymotivator/2018/got-grit-i-bet-you-do/","3976","2018-12-10","Got grit? I bet you do."
"https://spike.co.nz/glenns-blog/do-you-take-responsibility-for-your-actions-or-play-the-blame-game/","https://glennedley.com/mondaymotivator/2018/do-you-take-responsibility-for-your-actions-or-play-the-blame-game/","3980","2018-11-26","Do you take “responsibility” for your actions or play the Blame Game?"
"https://spike.co.nz/glenns-blog/everybody-sells-strawberries-%f0%9f%8d%93%f0%9f%8d%93%f0%9f%8d%93/","https://glennedley.com/mondaymotivator/2018/everybody-sells-strawberries-f0-9f-8d-93-f0-9f-8d-93-f0-9f-8d-93/","3982","2018-11-19","Everybody Sells Strawberries 🍓🍓🍓"
"https://spike.co.nz/glenns-blog/do-you-follow-things-up/","https://glennedley.com/mondaymotivator/2018/do-you-follow-things-up/","4000","2018-11-12","Do you follow things up?"
"https://spike.co.nz/glenns-blog/a-reminder-how-simple-and-happy-life-can-be/","https://glennedley.com/mondaymotivator/2018/a-reminder-how-simple-and-happy-life-can-be/","6736","2018-10-08","A reminder how simple and happy life can be"
"https://spike.co.nz/glenns-blog/so-how-positive-are-you/","https://glennedley.com/mondaymotivator/2018/so-how-positive-are-you/","6737","2018-10-01","So, how POSITIVE are you?"
"https://spike.co.nz/glenns-blog/whats-the-test-of-your-true-character/","https://glennedley.com/mondaymotivator/2018/whats-the-test-of-your-true-character/","6738","2018-09-24","What’s the test of your true character?"
"https://spike.co.nz/glenns-blog/what-self-discipline-exercise-do-you-use/","https://glennedley.com/mondaymotivator/2018/what-self-discipline-exercise-do-you-use/","6739","2018-09-17","What self-discipline exercise do you use?"
"https://spike.co.nz/glenns-blog/what-self-discipline-exercise-do-you-use-2/","https://glennedley.com/mondaymotivator/2018/what-self-discipline-exercise-do-you-use-2/","6740","2018-09-17","What self-discipline exercise do you use?"
"https://spike.co.nz/glenns-blog/%f0%9f%92%a1-tips-to-get-your-creative-juices-flowing/","https://glennedley.com/mondaymotivator/2018/f0-9f-92-a1-tips-to-get-your-creative-juices-flowing/","6741","2018-09-10","💡 Tips to get your creative juices flowing"
"https://spike.co.nz/glenns-blog/3-things-to-do-to-live-with-integrity/","https://glennedley.com/mondaymotivator/2019/3-things-to-do-to-live-with-integrity/","6752","2019-01-07","3 things to do to live with integrity"
"https://spike.co.nz/glenns-blog/do-you-have-a-purpose-for-your-life/","https://glennedley.com/mondaymotivator/2018/do-you-have-a-purpose-for-your-life/","6753","2018-12-03","Do you have a purpose for your life?"
"https://spike.co.nz/glenns-blog/trust-is-the-glue-of-relationships-so-how-can-we-build-trust/","https://glennedley.com/mondaymotivator/2018/trust-is-the-glue-of-relationships-so-how-can-we-build-trust/","6754","2018-11-05","Trust is the glue of relationships. So how can we build trust?"
"https://spike.co.nz/glenns-blog/glenns-top-ten-tips-to-brighten-up-your-day/","https://glennedley.com/mondaymotivator/2018/glenns-top-ten-tips-to-brighten-up-your-day/","6755","2018-10-29","Glenn's Top Ten Tips to brighten up your day"
"https://spike.co.nz/glenns-blog/how-your-desire-makes-difference-between-winning-and-losing/","https://glennedley.com/mondaymotivator/2018/how-your-desire-makes-difference-between-winning-and-losing/","6756","2018-10-22","How your desire makes difference between winning and losing"
"https://spike.co.nz/glenns-blog/what-do-a-football-coach-and-a-businessman-have-in-common/","https://glennedley.com/mondaymotivator/2018/what-do-a-football-coach-and-a-businessman-have-in-common/","6757","2018-10-15","What do a football coach and a businessman have in common?"
"https://spike.co.nz/glenns-blog/getting-comfortable-with-the-uncomfortable/","https://glennedley.com/mondaymotivator/2019/getting-comfortable-with-the-uncomfortable/","3900","2019-05-27","Getting comfortable with the uncomfortable"
"https://spike.co.nz/glenns-blog/moments-we-all-have-them/","https://glennedley.com/mondaymotivator/2019/moments-we-all-have-them/","3919","2019-05-13","Moments, we all have them."
"https://spike.co.nz/glenns-blog/get-angry/","https://glennedley.com/mondaymotivator/2019/get-angry/","3924","2019-05-06","Get ANGRY!"
"https://spike.co.nz/glenns-blog/whats-the-difference-between-a-moth-and-a-cockroach-2/","https://glennedley.com/mondaymotivator/2019/whats-the-difference-between-a-moth-and-a-cockroach-2/","3931","2019-04-29","What's the difference between a moth and a cockroach?"
"https://spike.co.nz/glenns-blog/10-simple-things-dogs-can-teach-us-about-what-life-is-all-about-2/","https://glennedley.com/mondaymotivator/2019/10-simple-things-dogs-can-teach-us-about-what-life-is-all-about-2/","3933","2019-04-22","10 Simple things Dogs can Teach us About what Life is All about"
"https://spike.co.nz/glenns-blog/3-ways-to-come-up-with-great-ideas-%f0%9f%92%a1/","https://glennedley.com/mondaymotivator/2019/3-ways-to-come-up-with-great-ideas-f0-9f-92-a1/","3937","2019-04-15","3 Ways to come up with Great Ideas 💡"
"https://spike.co.nz/glenns-blog/would-your-audience-call-you-a-%e2%ad%90/","https://glennedley.com/mondaymotivator/2019/would-your-audience-call-you-a-e2-ad-90/","3940","2019-04-08","Would Your “Audience” Call You a ⭐?"
"https://spike.co.nz/glenns-blog/%f0%9f%92%adthink-big-and-go-for-your-goals/","https://glennedley.com/mondaymotivator/2019/f0-9f-92-adthink-big-and-go-for-your-goals/","3942","2019-04-01","💭Think BIG and Go for your Goals"
"https://spike.co.nz/glenns-blog/%f0%9f%92%a1tips-on-how-can-you-stop-procrastinating/","https://glennedley.com/mondaymotivator/2019/f0-9f-92-a1tips-on-how-can-you-stop-procrastinating/","3944","2019-03-25","💡Tips on how can you stop procrastinating"
"https://spike.co.nz/glenns-blog/thank-god-its-monday/","https://glennedley.com/mondaymotivator/2019/thank-god-its-monday/","3946","2019-03-18","Thank God it’s Monday!"
"https://spike.co.nz/glenns-blog/struggle-is-opportunity/","https://glennedley.com/mondaymotivator/2019/struggle-is-opportunity/","3948","2019-03-11","Struggle is opportunity!"
"https://spike.co.nz/glenns-blog/no-one-drifts-to-success/","https://glennedley.com/mondaymotivator/2019/no-one-drifts-to-success/","3950","2019-03-04","No One Drifts to Success"
"https://spike.co.nz/glenns-blog/learn-how-to-live-your-own-life/","https://glennedley.com/mondaymotivator/2019/learn-how-to-live-your-own-life/","3952","2019-02-25","Learn How to Live Your Own Life"
"https://spike.co.nz/glenns-blog/some-succeed-others-fail-why/","https://glennedley.com/mondaymotivator/2019/some-succeed-others-fail-why/","3956","2019-02-18","Some succeed, others fail... Why??"
"https://spike.co.nz/glenns-blog/the-importance-of-relaxation/","https://glennedley.com/mondaymotivator/2019/the-importance-of-relaxation/","3958","2019-02-11","The Importance of Relaxation"
"https://spike.co.nz/glenns-blog/how-to-become-lucky-in-life/","https://glennedley.com/mondaymotivator/2019/how-to-become-lucky-in-life/","3960","2019-02-04","How To Become Lucky In Life"
"https://spike.co.nz/glenns-blog/how-do-you-decide-emotion-or-logic/","https://glennedley.com/mondaymotivator/2019/how-do-you-decide-emotion-or-logic/","3962","2019-01-28","How do you decide, Emotion or Logic?"
"https://spike.co.nz/glenns-blog/the-first-step-towards-success/","https://glennedley.com/mondaymotivator/2019/the-first-step-towards-success/","3964","2019-01-21","The First Step towards Success"
"https://spike.co.nz/glenns-blog/motivate-yourself-to-achieve-success/","https://glennedley.com/mondaymotivator/2019/motivate-yourself-to-achieve-success/","6758","2019-06-03","Motivate Yourself to Achieve Success"
"https://spike.co.nz/glenns-blog/the-man-in-the-arena/","https://glennedley.com/mondaymotivator/2019/the-man-in-the-arena/","6759","2019-05-20","The Man in the Arena"
"https://spike.co.nz/glenns-blog/finding-inspiration/","https://glennedley.com/mondaymotivator/2019/finding-inspiration/","3857","2019-08-26","Finding Inspiration"
"https://spike.co.nz/glenns-blog/never-judge-someone-without-knowing-the-whole-story/","https://glennedley.com/mondaymotivator/2019/never-judge-someone-without-knowing-the-whole-story/","3859","2019-09-02","Never judge someone without knowing the whole story."
"https://spike.co.nz/glenns-blog/you-want-to-be-successful-start-with-what-you-have/","https://glennedley.com/mondaymotivator/2019/you-want-to-be-successful-start-with-what-you-have/","3868","2019-08-19","You want to be successful? Start with what you have."
"https://spike.co.nz/glenns-blog/keys-to-gaining-the-competitive-edge-over-your-competition/","https://glennedley.com/mondaymotivator/2019/keys-to-gaining-the-competitive-edge-over-your-competition/","3870","2019-08-12","Keys To Gaining The Competitive Edge Over Your Competition"
"https://spike.co.nz/glenns-blog/ive-got-something-really-exciting-to-share-with-you-today/","https://glennedley.com/mondaymotivator/2019/ive-got-something-really-exciting-to-share-with-you-today/","3879","2019-08-05","I’ve got something really exciting to share with you today…"
"https://spike.co.nz/glenns-blog/self-belief-what-is-it/","https://glennedley.com/mondaymotivator/2019/self-belief-what-is-it/","3881","2019-07-29","Self Belief - What is it?"
"https://spike.co.nz/glenns-blog/the-value-of-thank-you/","https://glennedley.com/mondaymotivator/2019/the-value-of-thank-you/","3884","2019-07-22","The value of Thank You"
"https://spike.co.nz/glenns-blog/are-you-living-your-best-life/","https://glennedley.com/mondaymotivator/2019/are-you-living-your-best-life/","3886","2019-07-15","Are you living your best life?"
"https://spike.co.nz/glenns-blog/our-struggle-our-opportunity/","https://glennedley.com/mondaymotivator/2019/our-struggle-our-opportunity/","3888","2019-07-08","Our Struggle, Our Opportunity!"
"https://spike.co.nz/glenns-blog/a-tale-of-nails-%f0%9f%94%a8/","https://glennedley.com/mondaymotivator/2019/a-tale-of-nails-f0-9f-94-a8/","3890","2019-07-01","A Tale of Nails 🔨"
"https://spike.co.nz/glenns-blog/what-is-the-best-marketing-about/","https://glennedley.com/mondaymotivator/2019/what-is-the-best-marketing-about/","3892","2019-06-24","What is the BEST Marketing about?"
"https://spike.co.nz/glenns-blog/does-teamwork-really-make-the-dream-work/","https://glennedley.com/mondaymotivator/2019/does-teamwork-really-make-the-dream-work/","3894","2019-06-17","Does teamwork really make the dream work?"
"https://spike.co.nz/glenns-blog/do-you-live-in-prime-time-%e2%8f%b1%ef%b8%8f/","https://glennedley.com/mondaymotivator/2019/do-you-live-in-prime-time-e2-8f-b1-ef-b8-8f/","3896","2019-06-10","Do you live in Prime Time? ⏱️"
"https://spike.co.nz/glenns-blog/successful-people-what-exactly-they-do/","https://glennedley.com/mondaymotivator/2019/successful-people-what-exactly-they-do/","3986","2019-09-09","What exactly do successful people do?"
"https://spike.co.nz/glenns-blog/keep-moving-forward-%e2%9e%a1%ef%b8%8f/","https://glennedley.com/mondaymotivator/2019/keep-moving-forward-e2-9e-a1-ef-b8-8f/","3998","2019-09-16","Keep Moving Forward ➡️"
"https://spike.co.nz/glenns-blog/be-happy-and-%f0%9f%98%8a/","https://glennedley.com/mondaymotivator/2019/be-happy-and-f0-9f-98-8a/","4005","2019-09-22","Be Happy and 😊"
"https://spike.co.nz/glenns-blog/excellence-can-be-attained-if-you/","https://glennedley.com/mondaymotivator/2019/excellence-can-be-attained-if-you/","4007","2019-09-29","Excellence can be attained if you..."
"https://spike.co.nz/glenns-blog/today-is-your-lucky-day/","https://glennedley.com/mondaymotivator/2019/today-is-your-lucky-day/","4011","2019-10-06","Today Is Your Lucky Day!"
"https://spike.co.nz/glenns-blog/opportunity-is-like-luck/","https://glennedley.com/mondaymotivator/2019/opportunity-is-like-luck/","4013","2019-10-13","Opportunity is like luck"
"https://spike.co.nz/glenns-blog/what-motivates-you-to-go-to-work/","https://glennedley.com/mondaymotivator/2019/what-motivates-you-to-go-to-work/","4018","2019-10-20","What Motivates you to go to Work?"
"https://spike.co.nz/glenns-blog/smiles-sales/","https://glennedley.com/mondaymotivator/2019/smiles-sales/","4022","2019-11-03","Smiles = Sales"
"https://spike.co.nz/glenns-blog/for-you-this-week-bhags/","https://glennedley.com/mondaymotivator/2019/for-you-this-week-bhags/","4026","2019-11-17","For you this week - BHAG’s"
"https://spike.co.nz/glenns-blog/the-first-rule-of-decision-making/","https://glennedley.com/mondaymotivator/2019/the-first-rule-of-decision-making/","4030","2019-11-24","The first rule of decision making"
"https://spike.co.nz/glenns-blog/i-love-a-good-story/","https://glennedley.com/mondaymotivator/2019/i-love-a-good-story/","4032","2019-12-01","I love a good story..."
"https://spike.co.nz/glenns-blog/why-do-clients-choose-one-business-over-another-%f0%9f%a4%94/","https://glennedley.com/mondaymotivator/2019/why-do-clients-choose-one-business-over-another-f0-9f-a4-94/","4034","2019-12-08","Why do clients choose one business over another? 🤔"
"https://spike.co.nz/glenns-blog/build-life-changing-habits-through-tiny-changes/","https://glennedley.com/mondaymotivator/2019/build-life-changing-habits-through-tiny-changes/","4037","2019-12-15","Build Life-Changing Habits Through Tiny Changes"
"https://spike.co.nz/glenns-blog/thank-you-these-two-words-change-lives/","https://glennedley.com/mondaymotivator/2019/thank-you-these-two-words-change-lives/","4040","2019-12-22","Thank you. These two words change lives."
"https://spike.co.nz/glenns-blog/how-did-i-get-here/","https://glennedley.com/mondaymotivator/2020/how-did-i-get-here/","4047","2020-01-05","Do you ever ask yourself, “How did I get here?”"
"https://spike.co.nz/glenns-blog/you-have-more-influence-than-what-you-think-you-do/","https://glennedley.com/mondaymotivator/2020/you-have-more-influence-than-what-you-think-you-do/","4051","2020-01-19","You have more influence than what you think you do"
"https://spike.co.nz/glenns-blog/what-can-i-praise-them-for/","https://glennedley.com/mondaymotivator/2020/what-can-i-praise-them-for/","4054","2020-01-27","What can I praise them for?"
"https://spike.co.nz/glenns-blog/bursting-your-bubble/","https://glennedley.com/mondaymotivator/2020/bursting-your-bubble/","4071","2020-02-02","Bursting your bubble"
"https://spike.co.nz/glenns-blog/do-one-thing-at-a-time/","https://glennedley.com/mondaymotivator/2020/do-one-thing-at-a-time/","4073","2020-02-09","Do one thing at a time"
"https://spike.co.nz/glenns-blog/thoughts-on-thoughts/","https://glennedley.com/mondaymotivator/2020/thoughts-on-thoughts/","4076","2020-02-16","Thoughts on thoughts"
"https://spike.co.nz/glenns-blog/knowing-your-style-of-communication/","https://glennedley.com/mondaymotivator/2020/knowing-your-style-of-communication/","4078","2020-02-23","Knowing your style of communication"
"https://spike.co.nz/glenns-blog/growing-with-goals/","https://glennedley.com/mondaymotivator/2020/growing-with-goals/","4080","2020-03-01","Growing with Goals"
"https://spike.co.nz/glenns-blog/what-does-the-news-give-you/","https://glennedley.com/mondaymotivator/2020/what-does-the-news-give-you/","4082","2020-03-08","What does the news give you?"
"https://spike.co.nz/glenns-blog/creating-your-momentum/","https://glennedley.com/mondaymotivator/2019/creating-your-momentum/","6760","2019-10-28","Creating your Momentum"
"https://spike.co.nz/glenns-blog/what-did-we-learn-from-high-school/","https://glennedley.com/mondaymotivator/2019/what-did-we-learn-from-high-school/","6761","2019-11-10","What did we learn from high school?"
"https://spike.co.nz/glenns-blog/do-you-keep-up-a-facade/","https://glennedley.com/mondaymotivator/2019/do-you-keep-up-a-facade/","6762","2019-12-29","Do you keep up a facade?"
"https://spike.co.nz/glenns-blog/how-to-enjoy-the-view/","https://glennedley.com/mondaymotivator/2020/how-to-enjoy-the-view/","6763","2020-01-12","How to enjoy the view"
"https://spike.co.nz/glenns-blog/whatever-you-are-doing-dont-stop-now/","https://glennedley.com/mondaymotivator/2020/whatever-you-are-doing-dont-stop-now/","4084","2020-03-15","Whatever you are doing don’t stop now"
"https://spike.co.nz/glenns-blog/how-is-your-sense-of-humour-right-now/","https://glennedley.com/mondaymotivator/2020/how-is-your-sense-of-humour-right-now/","4086","2020-03-22","How is your sense of humour right now?"
"https://spike.co.nz/glenns-blog/the-elephant-and-the-stake/","https://glennedley.com/mondaymotivator/2020/the-elephant-and-the-stake/","4096","2020-04-07","The Elephant and the Stake"
"https://spike.co.nz/glenns-blog/we-are-what-we-repeatedly-do/","https://glennedley.com/mondaymotivator/2020/we-are-what-we-repeatedly-do/","4098","2020-04-01","We are what we repeatedly do"
"https://spike.co.nz/glenns-blog/what-is-my-purpose-in-life/","https://glennedley.com/mondaymotivator/2020/what-is-my-purpose-in-life/","4105","2020-04-12","What’s my purpose in life?"
"https://spike.co.nz/glenns-blog/its-the-last-5-to-15/","https://glennedley.com/mondaymotivator/2020/its-the-last-5-to-15/","4499","2020-04-20","It’s the last 5% to 15%"
"https://spike.co.nz/glenns-blog/its-all-in-the-details-my-first-car-related-post-for-some-time/","https://glennedley.com/mondaymotivator/2020/its-all-in-the-details-my-first-car-related-post-for-some-time/","4532","2020-04-27","It's all in the details... my first car related post for some time ;)"
"https://spike.co.nz/glenns-blog/how-to-be-unique-in-a-mediocre-world/","https://glennedley.com/mondaymotivator/2020/how-to-be-unique-in-a-mediocre-world/","4557","2020-05-04","How to be unique in a mediocre world"
"https://spike.co.nz/glenns-blog/on-being-consistent/","https://glennedley.com/mondaymotivator/2020/on-being-consistent/","6767","2020-05-18","On being consistent"
"https://spike.co.nz/glenns-blog/on-freedom-and-how-we-get-to-it/","https://glennedley.com/mondaymotivator/2020/on-freedom-and-how-we-get-to-it/","6770","2020-05-25","On freedom and how we get to it"
"https://spike.co.nz/glenns-blog/be-a-good-example-to-your-children/","https://glennedley.com/mondaymotivator/2020/be-a-good-example-to-your-children/","6776","2020-06-02","Be A Good Example To Your Children"
"https://spike.co.nz/glenns-blog/theyre-always-listening-to-you/","https://glennedley.com/mondaymotivator/2020/theyre-always-listening-to-you/","6782","2020-06-08","They’re always listening to you"
"https://spike.co.nz/glenns-blog/the-biggest-lies-are-always-told-to-yourself/","https://glennedley.com/mondaymotivator/2020/the-biggest-lies-are-always-told-to-yourself/","6787","2020-06-15","The biggest lies are always told to yourself"
"https://spike.co.nz/glenns-blog/do-you-have-a-process-for-everything/","https://glennedley.com/mondaymotivator/2020/do-you-have-a-process-for-everything/","6795","2020-06-22","Do you have a process for everything?"
"https://spike.co.nz/glenns-blog/on-being-a-verb/","https://glennedley.com/mondaymotivator/2020/on-being-a-verb/","6800","2020-06-29","On being a verb"
"https://spike.co.nz/glenns-blog/this-weeks-mondaymotivator-on-goals-and-being-here-before/","https://glennedley.com/mondaymotivator/2020/this-weeks-mondaymotivator-on-goals-and-being-here-before/","6806","2020-07-06","This week's MondayMotivator on goals and being here before"
"https://spike.co.nz/glenns-blog/this-weeks-mondaymotivator-on-keeping-promises/","https://glennedley.com/mondaymotivator/2020/this-weeks-mondaymotivator-on-keeping-promises/","6812","2020-07-13","This week's MondayMotivator on keeping promises"
"https://spike.co.nz/glenns-blog/when-i-finished-75hard/","https://glennedley.com/mondaymotivator/2020/when-i-finished-75hard/","6817","2020-07-27","This week's MondayMotivator - What happened when I finished 75Hard"
"https://spike.co.nz/glenns-blog/im-late-with-todays-mondaymotivator/","https://glennedley.com/mondaymotivator/2020/im-late-with-todays-mondaymotivator/","8244","2020-08-03","This week's MondayMotivator – Uh oh! I'm late with today's MondayMotivator"
"https://spike.co.nz/glenns-blog/habits-and-what-happens-when-we-lose-them/","https://glennedley.com/mondaymotivator/2020/habits-and-what-happens-when-we-lose-them/","8248","2020-08-10","This week's MondayMotivator – Habits and what happens when we lose them 😨"
"https://spike.co.nz/glenns-blog/why-do-people-choose-the-easy-thing/","https://glennedley.com/mondaymotivator/2020/why-do-people-choose-the-easy-thing/","6818","2020-08-31","Today's MondayMotivator: Why do people choose the easy thing?"
"https://spike.co.nz/glenns-blog/in-praise-of-effort/","https://glennedley.com/mondaymotivator/2020/in-praise-of-effort/","6819","2020-09-28","Today's MondayMotivator - In praise of effort"
"https://spike.co.nz/glenns-blog/this-weeks-mondaymotivator-there-is-no-one-coming/","https://glennedley.com/mondaymotivator/2020/this-weeks-mondaymotivator-there-is-no-one-coming/","6820","2020-09-21","This week's MondayMotivator - There is no-one coming"
"https://spike.co.nz/glenns-blog/this-weeks-mondaymotivator-count-down-from-5-slowly/","https://glennedley.com/mondaymotivator/2020/this-weeks-mondaymotivator-count-down-from-5-slowly/","6821","2020-09-14","This week's MondayMotivator - Count down from 5… slowly"
"https://spike.co.nz/glenns-blog/is-what-youre-doing-right-now/","https://glennedley.com/mondaymotivator/2020/is-what-youre-doing-right-now/","6822","2020-09-07","This week's MondayMotivator – Is what you’re doing right now going to get you where you want to go?"
"https://spike.co.nz/glenns-blog/reading-i-love-it/","https://glennedley.com/mondaymotivator/2020/reading-i-love-it/","8250","2020-08-17","This week's MondayMotivator – Reading. I love it!"
"https://spike.co.nz/glenns-blog/are-you-still-going-for-the-gap/","https://glennedley.com/mondaymotivator/2020/are-you-still-going-for-the-gap/","8253","2020-08-24","This week's MondayMotivator – Are you still going for the gap?"
"https://spike.co.nz/glenns-blog/choose-your-words-carefully/","https://glennedley.com/mondaymotivator/2020/choose-your-words-carefully/","8261","2020-10-12","This week's MondayMotivator – Choose your words, carefully 🤔"
"https://spike.co.nz/glenns-blog/welcome-to-a-new-year/","https://glennedley.com/mondaymotivator/2021/welcome-to-a-new-year/","8263","2021-01-18","This week's MondayMotivator – Welcome to a new year!"
"https://spike.co.nz/glenns-blog/why-do-goals-need-to-be-big-to-be-useful/","https://glennedley.com/mondaymotivator/2021/why-do-goals-need-to-be-big-to-be-useful/","8266","2021-01-25","This week's MondayMotivator – Why do goals need to be BIG to be useful?"
"https://spike.co.nz/todays-mondaymotivator-timely-words-from-epictetus/","https://glennedley.com/mondaymotivator/2021/todays-mondaymotivator-timely-words-from-epictetus/","8279","2021-02-15","Today's MondayMotivator: Timely words from Epictetus"
"https://spike.co.nz/your-most-prized-possession/","https://glennedley.com/mondaymotivator/2021/your-most-prized-possession/","8405","2021-03-08","Today's MondayMotivator: Your most prized possession. And no, it’s not a material object."
"https://spike.co.nz/theres-no-time-like-the-present-to-________-fill-in-the-blank/","https://glennedley.com/mondaymotivator/2021/theres-no-time-like-the-present-to-fill-in-the-blank/","8564","2021-03-15","There's no time like the present to ________. [fill in the blank]"
"https://spike.co.nz/its-not-your-fault/","https://glennedley.com/mondaymotivator/2021/its-not-your-fault/","8574","2021-03-22","It’s not your fault… but then it is. Curious?"
"https://spike.co.nz/never-negotiate-your-goals/","https://glennedley.com/mondaymotivator/2021/never-negotiate-your-goals/","8588","2021-03-29","Today's MondayMotivator: Never negotiate your goals"
"https://spike.co.nz/todays-mondaymotivator-want-to-stick-to-your-rules-make-it-personal/","https://glennedley.com/mondaymotivator/2021/todays-mondaymotivator-want-to-stick-to-your-rules-make-it-personal/","8601","2021-04-12","Today's MondayMotivator: Want to stick to your rules? Make it personal"
"https://spike.co.nz/another-big-difference-between-an-amateur-and-a-pro/","https://glennedley.com/mondaymotivator/2021/another-big-difference-between-an-amateur-and-a-pro/","8609","2021-04-19","Another big difference between an Amateur and a Pro"
"https://spike.co.nz/what-happens-when-the-stain-wont-come-out/","https://glennedley.com/mondaymotivator/2021/what-happens-when-the-stain-wont-come-out/","8615","2021-05-03","Today's MondayMotivator: What happens when the stain won't come out?"
"https://spike.co.nz/seize-the-day-by-the-scruff-of-the-neck-if-necessary/","https://glennedley.com/mondaymotivator/2021/seize-the-day-by-the-scruff-of-the-neck-if-necessary/","8625","2021-05-13","Seize the day! By the scruff of the neck if necessary."
"https://spike.co.nz/what-i-learned-from-someone-keying-my-car/","https://glennedley.com/mondaymotivator/2021/what-i-learned-from-someone-keying-my-car/","8807","2021-05-17","What I learned from someone keying my car"
"https://spike.co.nz/whats-better-quality-or-quantity/","https://glennedley.com/mondaymotivator/2021/whats-better-quality-or-quantity/","8812","2021-05-24","What’s better, quality or quantity?"
"https://spike.co.nz/what-are-you-conditioned-to-think/","https://glennedley.com/mondaymotivator/2021/what-are-you-conditioned-to-think/","8815","2021-05-31","What are you conditioned to think?"
"https://spike.co.nz/it-really-is-the-little-things/","https://glennedley.com/mondaymotivator/2021/it-really-is-the-little-things/","8818","2021-06-14","It really is the little things…"
"https://spike.co.nz/thinking-gain-not-lack/","https://glennedley.com/mondaymotivator/2021/thinking-gain-not-lack/","8821","2021-06-21","Thinking gain not lack"
"https://spike.co.nz/whats-important-to-you/","https://glennedley.com/mondaymotivator/2021/whats-important-to-you/","8824","2021-06-28","What’s important to you?"
"https://spike.co.nz/i-dont-care-about-your-motivation/","https://glennedley.com/mondaymotivator/2021/i-dont-care-about-your-motivation/","8827","2021-07-05","I don’t care about your motivation!"
"https://spike.co.nz/now-the-right-time-is-now/","https://glennedley.com/mondaymotivator/2021/now-the-right-time-is-now/","8830","2021-07-12","Now! The right time is now."
"https://spike.co.nz/todays-mondaymotivator-its-a-time-to-be-grateful/","https://glennedley.com/mondaymotivator/2020/todays-mondaymotivator-its-a-time-to-be-grateful/","8867","2020-12-14","Today's MondayMotivator: It’s a time to be grateful"
"https://spike.co.nz/who-are-you-competing-with-2/","https://glennedley.com/mondaymotivator/2021/who-are-you-competing-with-2/","8873","2021-07-19","Who are you competing with? A personal growth hack."
"https://spike.co.nz/a-few-thoughts-on-success/","https://glennedley.com/mondaymotivator/2021/a-few-thoughts-on-success/","8959","2021-02-22","A few thoughts on ‘success’"
"https://spike.co.nz/di-tur-muh-nay-shuhn-an-explanation-and-why-you-need-it/","https://glennedley.com/mondaymotivator/2021/di-tur-muh-nay-shuhn-an-explanation-and-why-you-need-it/","8988","2021-07-26","di-TUR-muh-NAY-shuhn. An explanation and why you need it"
"https://spike.co.nz/want-to-know-why-new-zealand-isnt-growing-like-it-could-be/","https://glennedley.com/mondaymotivator/2021/want-to-know-why-new-zealand-isnt-growing-like-it-could-be/","8992","2021-08-02","Want to know why New Zealand isn’t growing like it could be?"
"https://spike.co.nz/do-you-feel-the-world-is-treating-you-well/","https://glennedley.com/mondaymotivator/2021/do-you-feel-the-world-is-treating-you-well/","9000","2021-08-09","Do you feel the world is treating you well?"
"https://spike.co.nz/starting-again-and-again-and-again/","https://glennedley.com/mondaymotivator/2021/starting-again-and-again-and-again/","9011","2021-08-16","Starting again. And again. And again."
"https://spike.co.nz/lessons-from-lockdown-not-today/","https://glennedley.com/mondaymotivator/2021/lessons-from-lockdown-not-today/","9015","2021-08-23","Lessons from lockdown? Not today."
"https://spike.co.nz/what-a-9-year-old-thinks-about-lockdown/","https://glennedley.com/mondaymotivator/2021/what-a-9-year-old-thinks-about-lockdown/","9044","2021-08-30","What a 9-year-old thinks about lockdown"
"https://spike.co.nz/when-things-fall-apart-and-theres-no-kings-men-to-pick-you-up/","https://glennedley.com/mondaymotivator/2021/when-things-fall-apart-and-theres-no-kings-men-to-pick-you-up/","9161","2021-09-13","When things fall apart and there’s no King's men to pick you up"
"https://spike.co.nz/its-obvious/","https://glennedley.com/mondaymotivator/2021/its-obvious/","9165","2021-09-20","It's obvious!"
"https://spike.co.nz/where-are-your-manners/","https://glennedley.com/mondaymotivator/2021/where-are-your-manners/","9168","2021-09-27","Where are your manners?"
"https://spike.co.nz/making-it-personal-a-small-business-rant/","https://glennedley.com/mondaymotivator/2021/making-it-personal-a-small-business-rant/","9170","2021-10-11","Making it personal + a small business rant"
"https://spike.co.nz/back-to-goals-parachutes-and-thinking-big-ly/","https://glennedley.com/mondaymotivator/2021/back-to-goals-parachutes-and-thinking-big-ly/","9173","2021-10-18","Back to goals, parachutes and thinking big-ly"
"https://spike.co.nz/working-on-my-attitude/","https://glennedley.com/mondaymotivator/2021/working-on-my-attitude/","9176","2021-11-01","Working on my attitude"
"https://spike.co.nz/trying-new-things-sucks-but-you-should-do-it-anyway/","https://glennedley.com/mondaymotivator/2021/trying-new-things-sucks-but-you-should-do-it-anyway/","9384","2021-11-08","Trying new things sucks. But you should do it anyway."
"https://spike.co.nz/how-can-you-expect-someone-else-to-do-what-you-wont-do-yourself/","https://glennedley.com/mondaymotivator/2021/how-can-you-expect-someone-else-to-do-what-you-wont-do-yourself/","9387","2021-11-15","How can you expect someone else to do what you won’t do yourself?"
"https://spike.co.nz/dont-get-distracted-pay-attention-real-attention/","https://glennedley.com/mondaymotivator/2021/dont-get-distracted-pay-attention-real-attention/","9391","2021-12-06","Don’t get distracted. Pay attention. Real attention."
"https://spike.co.nz/you-dont-have-to-be-extravagant-or-over-the-top-to-be-a-star/","https://glennedley.com/mondaymotivator/2021/you-dont-have-to-be-extravagant-or-over-the-top-to-be-a-star/","9393","2021-12-13","You don’t have to be extravagant or over the top to be a star."
"https://spike.co.nz/i-am-here/","https://glennedley.com/mondaymotivator/2021/i-am-here/","9396","2021-12-20","I am here!"
"https://spike.co.nz/make-this-year-the-best-year-of-your-life/","https://glennedley.com/mondaymotivator/2022/make-this-year-the-best-year-of-your-life/","9399","2022-01-10","Make this year the best year of your life"
"https://spike.co.nz/who-makes-the-most-money-from-email/","https://glennedley.com/mondaymotivator/2022/who-makes-the-most-money-from-email/","9402","2022-01-17","Who makes the most money from email?"
"https://spike.co.nz/if-something-is-out-of-your-control-then-move-on-forget-it/","https://glennedley.com/mondaymotivator/2022/if-something-is-out-of-your-control-then-move-on-forget-it/","9405","2022-01-24","If something is out of your control then move on. Forget it."
"https://spike.co.nz/your-attitude-is-what-counts/","https://glennedley.com/mondaymotivator/2022/your-attitude-is-what-counts/","9408","2022-02-14","Your attitude is what counts"
"https://spike.co.nz/an-excellent-email-from-a-mondaymotivator-reader/","https://glennedley.com/mondaymotivator/2022/an-excellent-email-from-a-mondaymotivator-reader/","9411","2022-02-21","An excellent email from a MondayMotivator reader"
"https://spike.co.nz/what-makes-you-stop-procrastinating/","https://glennedley.com/mondaymotivator/2022/what-makes-you-stop-procrastinating/","9414","2022-02-28","What makes you stop procrastinating?"
"https://spike.co.nz/heres-an-idea-for-3-things-to-do-this-week/","https://glennedley.com/mondaymotivator/2022/heres-an-idea-for-3-things-to-do-this-week/","9417","2022-03-07","3 ways to kickstart your mojo 💪"
"https://spike.co.nz/creating-habits-to-get-what-you-want/","https://glennedley.com/mondaymotivator/2022/creating-habits-to-get-what-you-want/","9421","2022-03-14","Creating habits to get what you want"
"https://spike.co.nz/priorities-trump-everything/","https://glennedley.com/mondaymotivator/2022/priorities-trump-everything/","9425","2022-04-11","Priorities trump everything"
"https://spike.co.nz/top-5-email-marketing-best-practices-for-2022/","https://glennedley.com/mondaymotivator/2022/top-5-email-marketing-best-practices-for-2022/","9426","2022-06-08","Top 5 Email Marketing Best Practices for 2022"
"https://spike.co.nz/why-you-should-start-a-friends-newsletter/","https://glennedley.com/mondaymotivator/2022/why-you-should-start-a-friends-newsletter/","9431","2022-06-09","Why you should start a Friends Newsletter"
"https://spike.co.nz/were-almost-halfway-so-its-time-to-check-your-design-is-right/","https://glennedley.com/mondaymotivator/2022/were-almost-halfway-so-its-time-to-check-your-design-is-right/","9481","2022-06-20","We’re almost halfway so it’s time to check your design is right"
"https://spike.co.nz/challenge-yourself-how-i-did-15k-hindu-squats/","https://glennedley.com/mondaymotivator/2022/challenge-yourself-how-i-did-15k-hindu-squats/","9485","2022-06-27","Challenge yourself. How I did 15k Hindu Squats"
"https://spike.co.nz/what-drives-you/","https://glennedley.com/mondaymotivator/2022/what-drives-you/","9491","2022-07-04","What drives you?"
"https://spike.co.nz/the-four-factors/","https://glennedley.com/mondaymotivator/2022/the-four-factors/","9518","2022-07-12","The Four Factors [reading time 1 mins 48 secs]"
"https://spike.co.nz/the-strange-power-of-belief/","https://glennedley.com/mondaymotivator/2022/the-strange-power-of-belief/","9525","2022-07-18","The strange power of Belief"
"https://spike.co.nz/make-it-happen/","https://glennedley.com/mondaymotivator/2022/make-it-happen/","9639","2022-08-01","Make it happen!"
"https://spike.co.nz/why-should-i/","https://glennedley.com/mondaymotivator/2022/why-should-i/","9646","2022-08-08","Why Should I?"
"https://spike.co.nz/what-a-great-future/","https://glennedley.com/mondaymotivator/2022/what-a-great-future/","9654","2022-08-15","What a Great Future"
"https://spike.co.nz/conditioning-yourself-to-win/","https://glennedley.com/mondaymotivator/2022/conditioning-yourself-to-win/","9717","2022-08-22","Conditioning Yourself to Win"
"https://spike.co.nz/stop-with-the-lame-duck-excuses/","https://glennedley.com/mondaymotivator/2022/stop-with-the-lame-duck-excuses/","9722","2022-08-29","Stop with the Lame Duck excuses!"
"https://spike.co.nz/better-performance-means-more-profits/","https://glennedley.com/mondaymotivator/2022/better-performance-means-more-profits/","9728","2022-09-05","Better Performance Means More Profits"
"https://spike.co.nz/the-six-principles-of-winners/","https://glennedley.com/mondaymotivator/2022/the-six-principles-of-winners/","9763","2022-09-12","The Six Principles of Winners"
"https://spike.co.nz/beware-the-dream-stealers/","https://glennedley.com/mondaymotivator/2022/beware-the-dream-stealers/","9835","2022-09-19","Beware the Dream Stealers"
"https://spike.co.nz/do-you-have-a-communication-problem/","https://glennedley.com/mondaymotivator/2022/do-you-have-a-communication-problem/","9841","2022-09-27","Do you have a communication problem?"
"https://spike.co.nz/having-greater-purpose-in-life/","https://glennedley.com/mondaymotivator/2022/having-greater-purpose-in-life/","9846","2022-10-03","Having Greater Purpose in Life"
"https://spike.co.nz/a-new-perception/","https://glennedley.com/mondaymotivator/2022/a-new-perception/","9855","2022-10-10","A New Perception"
"https://spike.co.nz/motivation-versus-inspiration/","https://glennedley.com/mondaymotivator/2022/motivation-versus-inspiration/","9862","2022-11-07","Motivation versus Inspiration"
"https://spike.co.nz/do-you-know-the-three-things-that-make-up-your-attitude-toward-life/","https://glennedley.com/mondaymotivator/2022/do-you-know-the-three-things-that-make-up-your-attitude-toward-life/","9866","2022-11-14","Do you know the three things that make up your attitude toward life?"
"https://spike.co.nz/you-will-only-grow-as-high-as-your-standards/","https://glennedley.com/mondaymotivator/2022/you-will-only-grow-as-high-as-your-standards/","9869","2022-11-21","You will only grow as high as your standards"
"https://spike.co.nz/the-story-of-two-seeds/","https://glennedley.com/mondaymotivator/2022/the-story-of-two-seeds/","9874","2022-11-28","The story of two seeds"
"https://spike.co.nz/should-you-listen-to-experts-part-1/","https://glennedley.com/mondaymotivator/2022/should-you-listen-to-experts-part-1/","9878","2022-12-05","Should you listen to experts? Part 1"
"https://spike.co.nz/how-do-you-form-your-opinions-and-are-they-worth-a-damn-part-2/","https://glennedley.com/mondaymotivator/2022/how-do-you-form-your-opinions-and-are-they-worth-a-damn-part-2/","9882","2022-12-12","How do you form your opinions? And, are they worth a damn? Part 2"
"https://spike.co.nz/why-dont-you-change-yep-like-it-is-that-easy/","https://glennedley.com/mondaymotivator/2022/why-dont-you-change-yep-like-it-is-that-easy/","10058","2022-12-19","Why don’t you change?! Yep, like it is that easy."
"https://spike.co.nz/welcome-to-2023-my-three-key-takeaways-from-the-bible/","https://glennedley.com/mondaymotivator/2023/welcome-to-2023-my-three-key-takeaways-from-the-bible/","10077","2023-02-06","Welcome to 2023: My Three Key Takeaways from the Bible"
"https://spike.co.nz/the-big-turnaround-make-it-happen/","https://glennedley.com/mondaymotivator/2023/the-big-turnaround-make-it-happen/","10088","2023-02-13","The BIG Turnaround - make it happen!"
"https://spike.co.nz/the-power-of-adaptation-embracing-change-in-business-and-life/","https://glennedley.com/mondaymotivator/2023/the-power-of-adaptation-embracing-change-in-business-and-life/","10096","2023-02-20","The Power of Adaptation: Embracing Change in Business and Life"
"https://spike.co.nz/the-true-sense-of-achievement-and-the-importance-of-persistence/","https://glennedley.com/mondaymotivator/2023/the-true-sense-of-achievement-and-the-importance-of-persistence/","10102","2023-03-06","The true sense of achievement and the importance of persistence"
"https://spike.co.nz/potential-or-becoming-more-than-you-think-possible/","https://glennedley.com/mondaymotivator/2023/potential-or-becoming-more-than-you-think-possible/","10124","2023-03-13","Potential: Or, Becoming More Than You Think Possible"
"https://spike.co.nz/are-you-possessed-by-a-god/","https://glennedley.com/mondaymotivator/2023/are-you-possessed-by-a-god/","10128","2023-03-20","Are you possessed by a god?"
"https://spike.co.nz/unlock-the-power-of-your-emotions-understanding-the-brains-role/","https://glennedley.com/mondaymotivator/2023/unlock-the-power-of-your-emotions-understanding-the-brains-role/","10152","2023-03-27","Unlock the Power of Your Emotions: Understanding the Brain's Role"
"https://spike.co.nz/5-habits-of-highly-successful-people/","https://glennedley.com/mondaymotivator/2023/5-habits-of-highly-successful-people/","10156","2023-04-03","5 Habits of Highly Successful People"
"https://spike.co.nz/get-inspired-to-take-action/","https://glennedley.com/mondaymotivator/2023/get-inspired-to-take-action/","10162","2023-04-17","Get Inspired to Take Action: This Week's MondayMotivator"
"https://spike.co.nz/what-is-the-swearingproject/","https://glennedley.com/mondaymotivator/2023/what-is-the-swearingproject/","10172","2023-04-20","What is the #swearingproject?"
"https://spike.co.nz/spice-up-your-daily-routine-tips-for-adding-fun-to-your-day/","https://glennedley.com/mondaymotivator/2023/spice-up-your-daily-routine-tips-for-adding-fun-to-your-day/","10178","2023-04-24","Spice Up Your Daily Routine: Tips for Adding Fun to Your Day"
"https://spike.co.nz/how-to-take-control-of-your-life-and-overcome-negative-thinking/","https://glennedley.com/mondaymotivator/2023/how-to-take-control-of-your-life-and-overcome-negative-thinking/","10182","2023-05-01","How to Take Control of Your Life and Overcome Negative Thinking"
"https://spike.co.nz/are-you-an-achiever-or-underachiever/","https://glennedley.com/mondaymotivator/2023/are-you-an-achiever-or-underachiever/","10187","2023-05-08","Are you an Achiever Or Underachiever?"
"https://spike.co.nz/from-one-mountain-to-the-next-a-reminder-to-keep-pushing-forward/","https://glennedley.com/mondaymotivator/2023/from-one-mountain-to-the-next-a-reminder-to-keep-pushing-forward/","10191","2023-05-15","From One Mountain to the Next: A Reminder to Keep Pushing Forward"
"https://spike.co.nz/opinions-arent-worth-a-damn/","https://glennedley.com/mondaymotivator/2023/opinions-arent-worth-a-damn/","10196","2023-05-22","Opinions aren’t worth a damn"
"https://spike.co.nz/boxing-with-boredom/","https://glennedley.com/mondaymotivator/2023/boxing-with-boredom/","10209","2023-05-29","Boxing With Boredom"
"https://spike.co.nz/shifting-focus-from-self-doubt-to-self-trust/","https://glennedley.com/mondaymotivator/2023/shifting-focus-from-self-doubt-to-self-trust/","10214","2023-06-05","Shifting Focus: From Self-Doubt to Self-Trust"
"https://spike.co.nz/looking-for-peace-and-happiness-in-the-midst-of-problems-and-challenges/","https://glennedley.com/mondaymotivator/2023/looking-for-peace-and-happiness-in-the-midst-of-problems-and-challenges/","10219","2023-06-12","Looking for peace and happiness in the midst of problems & challenges?"
"https://spike.co.nz/how-to-get-from-fear-to-success/","https://glennedley.com/mondaymotivator/2023/how-to-get-from-fear-to-success/","10224","2023-06-19","How to Get From Fear to Success"
"https://spike.co.nz/how-to-decide-your-purpose/","https://glennedley.com/mondaymotivator/2023/how-to-decide-your-purpose/","10229","2023-06-29","How To Decide Your Purpose"
"https://spike.co.nz/determination/","https://glennedley.com/mondaymotivator/2023/determination/","10235","2023-07-03","Determination"
"https://spike.co.nz/never-curb-your-enthusiasm/","https://glennedley.com/mondaymotivator/2023/never-curb-your-enthusiasm/","10251","2023-07-10","Never Curb Your Enthusiasm"
"https://spike.co.nz/embracing-challenges/","https://glennedley.com/mondaymotivator/2023/embracing-challenges/","10256","2023-07-17","Embracing Challenges"
"https://spike.co.nz/to-err-is-human/","https://glennedley.com/mondaymotivator/2023/to-err-is-human/","10261","2023-07-24","To err is human"
"https://spike.co.nz/give-yourself-another-chance/","https://glennedley.com/mondaymotivator/2023/give-yourself-another-chance/","10264","2023-07-31","Give Yourself Another Chance!"
"https://spike.co.nz/gossip-much-ado-about-nothing/","https://glennedley.com/mondaymotivator/2023/gossip-much-ado-about-nothing/","10268","2023-08-07","Gossip – Much Ado About Nothing"
"https://spike.co.nz/appreciate-what-you-have/","https://glennedley.com/mondaymotivator/2023/appreciate-what-you-have/","10272","2023-08-14","Appreciate What You Have"
"https://spike.co.nz/hey-hands-up-those-who-want-to-be-sick/","https://glennedley.com/mondaymotivator/2023/hey-hands-up-those-who-want-to-be-sick/","10280","2023-08-21","Hey! Hands Up Those Who Want To Be Sick?"
"https://spike.co.nz/you-are-more-than-your-faults/","https://glennedley.com/mondaymotivator/2023/you-are-more-than-your-faults/","10286","2023-08-28","You are more than your faults"
"https://spike.co.nz/on-happiness-and-how-to-keep-it/","https://glennedley.com/mondaymotivator/2023/on-happiness-and-how-to-keep-it/","10293","2023-09-04","On happiness and how to keep it"
"https://spike.co.nz/good-health-to-you/","https://glennedley.com/mondaymotivator/2023/good-health-to-you/","10298","2023-09-11","Good health to you!"
"https://spike.co.nz/you-can-always-hope/","https://glennedley.com/mondaymotivator/2023/you-can-always-hope/","10310","2023-09-18","You can always hope"
"https://spike.co.nz/why-life-isnt-fair/","https://glennedley.com/mondaymotivator/2023/why-life-isnt-fair/","10328","2023-09-26","Why Life Isn't Fair, and What You Can Do About It"
"https://spike.co.nz/activity-overcomes-inability/","https://glennedley.com/mondaymotivator/2023/activity-overcomes-inability/","10332","2023-10-02","Activity overcomes inability"
"https://spike.co.nz/overcome-loneliness-with-meaningful-connections/","https://glennedley.com/mondaymotivator/2023/overcome-loneliness-with-meaningful-connections/","10337","2023-10-09","Overcome Loneliness with Meaningful Connections"
"https://spike.co.nz/a-roadmap-to-achieving-your-goals/","https://glennedley.com/mondaymotivator/2023/a-roadmap-to-achieving-your-goals/","10340","2023-10-16","A Roadmap to Achieving Your Goals"
"https://spike.co.nz/mirror-mirror-on-the-wall-healthy-illusions/","https://glennedley.com/mondaymotivator/2023/mirror-mirror-on-the-wall-healthy-illusions/","10353","2023-10-30","Mirror, Mirror On The Wall - Healthy Illusions"
"https://spike.co.nz/how-to-deal-with-peer-pressure/","https://glennedley.com/mondaymotivator/2023/how-to-deal-with-peer-pressure/","10356","2023-11-06","How to deal with Peer Pressure"
"https://spike.co.nz/more-problems-more-success/","https://glennedley.com/mondaymotivator/2023/more-problems-more-success/","10361","2023-11-13","More Problems = More Success"
"https://spike.co.nz/quiet-times/","https://glennedley.com/mondaymotivator/2023/quiet-times/","10366","2023-11-20","Quiet Times"
"https://spike.co.nz/resolutions-and-other-promises-that-dont-hold-water/","https://glennedley.com/mondaymotivator/2023/resolutions-and-other-promises-that-dont-hold-water/","10373","2023-11-27","Resolutions and other promises that don't hold water"
"https://spike.co.nz/how-i-recover-from-failure/","https://glennedley.com/mondaymotivator/2023/how-i-recover-from-failure/","10396","2023-12-04","How I recover from failure"
"https://spike.co.nz/responsibility-whose-job-is-it-anyway/","https://glennedley.com/mondaymotivator/2023/responsibility-whose-job-is-it-anyway/","10424","2023-12-11","Responsibility – Whose Job Is It Anyway?"
"https://spike.co.nz/the-reward-of-steady-effort/","https://glennedley.com/mondaymotivator/2023/the-reward-of-steady-effort/","10429","2023-12-18","The Reward Of Steady Effort"
"https://spike.co.nz/success-takes-time/","https://glennedley.com/mondaymotivator/2024/success-takes-time/","10436","2024-01-15","Success Takes Time"
"https://spike.co.nz/yahoo-and-google-dmarc-required/","https://glennedley.com/mondaymotivator/2024/yahoo-and-google-dmarc-required/","10441","2024-01-19","Understanding Gmail and Yahoo DMARC Requirements"
"https://spike.co.nz/the-challenge-of-change/","https://glennedley.com/mondaymotivator/2024/the-challenge-of-change/","10449","2024-01-22","The Challenge Of Change"
"https://spike.co.nz/the-gift-of-life/","https://glennedley.com/mondaymotivator/2024/the-gift-of-life/","10454","2024-02-05","The Gift Of Life"
"https://spike.co.nz/do-you-use-the-power-of-emotions/","https://glennedley.com/mondaymotivator/2024/do-you-use-the-power-of-emotions/","10468","2024-02-12","Do you use the Power of Emotions?"
"https://spike.co.nz/the-leaky-pipe-and-mental-load-of-life-admin/","https://glennedley.com/mondaymotivator/2024/the-leaky-pipe-and-mental-load-of-life-admin/","10473","2024-02-26","The leaky pipe and mental load of life admin"
"https://spike.co.nz/dont-let-comfort-kill-your-success/","https://glennedley.com/mondaymotivator/2024/dont-let-comfort-kill-your-success/","10478","2024-03-04","Don't Let Comfort Kill Your Success!"
"https://spike.co.nz/the-power-of-praise/","https://glennedley.com/mondaymotivator/2024/the-power-of-praise/","10487","2024-03-25","The Power Of Praise"
"https://spike.co.nz/time-stealers/","https://glennedley.com/mondaymotivator/2024/time-stealers/","10543","2024-04-15","Time Stealers"
"https://spike.co.nz/true-love/","https://glennedley.com/mondaymotivator/2024/true-love/","10622","2024-04-22","True Love"
"https://spike.co.nz/you-are-beautiful/","https://glennedley.com/mondaymotivator/2024/you-are-beautiful/","10628","2024-04-29","You Are Beautiful"
"https://spike.co.nz/your-sixth-sense/","https://glennedley.com/mondaymotivator/2024/your-sixth-sense/","10662","2024-05-06","Your Sixth Sense"
"https://spike.co.nz/10-rules-to-keep-focuses/","https://glennedley.com/mondaymotivator/2024/10-rules-to-keep-focuses/","10938","2024-05-13","10 Rules To Keep Focuses"
"https://spike.co.nz/the-spy-trick-that-changes-everything-perception-vs-perspective/","https://glennedley.com/mondaymotivator/2024/the-spy-trick-that-changes-everything-perception-vs-perspective/","10942","2024-05-20","The Spy Trick That Changes Everything: Perception vs. Perspective"
"https://spike.co.nz/success-now/","https://glennedley.com/mondaymotivator/2024/success-now/","10946","2024-05-27","Success, now!"
"https://spike.co.nz/steve-jobs-wisdom-and-the-power-of-attitude-and-purpose/","https://glennedley.com/mondaymotivator/2024/steve-jobs-wisdom-and-the-power-of-attitude-and-purpose/","10950","2024-06-24","Steve Jobs Wisdom and The Power of Attitude and Purpose"
"https://spike.co.nz/wants-and-dont-wants/","https://glennedley.com/mondaymotivator/2024/wants-and-dont-wants/","10954","2024-07-01","Wants and Don’t Wants"
"https://spike.co.nz/its-a-parade-of-humanity/","https://glennedley.com/mondaymotivator/2024/its-a-parade-of-humanity/","10958","2024-07-08","It’s a Parade of Humanity!"
"https://spike.co.nz/thats-what-i-said-but-its-not-what-i-mean/","https://glennedley.com/mondaymotivator/2024/thats-what-i-said-but-its-not-what-i-mean/","10962","2024-07-15","That’s What I Said – But It’s Not What I Mean!"
"https://spike.co.nz/activity-gets-things-going/","https://glennedley.com/mondaymotivator/2024/activity-gets-things-going/","11054","2024-07-22","Activity Gets Things Going"
"https://spike.co.nz/is-your-appearance-attracting-or-repelling/","https://glennedley.com/mondaymotivator/2024/is-your-appearance-attracting-or-repelling/","11097","2024-07-29","Is Your Appearance Attracting Or Repelling?"
"https://spike.co.nz/you-are-who-you-associate-with-so-be-careful/","https://glennedley.com/mondaymotivator/2024/you-are-who-you-associate-with-so-be-careful/","11168","2024-08-05","You Are Who You Associate With, So Be Careful"
"https://spike.co.nz/unleash-your-inner-power-with-i-am/","https://glennedley.com/mondaymotivator/2024/unleash-your-inner-power-with-i-am/","11217","2024-09-02","Unleash Your Inner Power with ""I Am"""
"https://spike.co.nz/changing-someones-life/","https://glennedley.com/mondaymotivator/2024/changing-someones-life/","11304","2024-09-16","Changing Someone's Life"
"https://spike.co.nz/financial-success/","https://glennedley.com/mondaymotivator/2024/financial-success/","11343","2024-09-23","Financial Success!"
"https://spike.co.nz/becoming-a-well-rounded-man/","https://glennedley.com/mondaymotivator/2024/becoming-a-well-rounded-man/","11350","2024-10-07","Becoming a Well-Rounded Man"
"https://spike.co.nz/how-to-improve-your-success-through-imagination/","https://glennedley.com/mondaymotivator/2024/how-to-improve-your-success-through-imagination/","11359","2024-10-14","How To Improve Your Success Through Imagination 🤯"
"https://spike.co.nz/what-was-i-thinking/","https://glennedley.com/mondaymotivator/2024/what-was-i-thinking/","11370","2024-11-18","What Was I Thinking?"
"https://spike.co.nz/i-did-100k-hindu-squats-over-1000-days/","https://glennedley.com/mondaymotivator/2024/i-did-100k-hindu-squats-over-1000-days/","11375","2024-10-22","I Did 100k Hindu Squats Over 1,000 Days"
"https://spike.co.nz/make-it-happen-2/","https://glennedley.com/mondaymotivator/2024/make-it-happen-2/","11379","2024-11-11","Make it Happen!"
"https://spike.co.nz/how-to-swim-against-the-current-and-avoid-pessimism/","https://glennedley.com/mondaymotivator/2024/how-to-swim-against-the-current-and-avoid-pessimism/","11391","2024-11-25","How to swim against the current and avoid pessimism 🏊"
"https://spike.co.nz/the-better-you-something-to-think-about-over-the-holidays/","https://glennedley.com/mondaymotivator/2024/the-better-you-something-to-think-about-over-the-holidays/","11409","2024-12-23","The Better You! Something to think about over the holidays 🎄"
"https://spike.co.nz/how-are-you-planning-2025/","https://glennedley.com/mondaymotivator/2025/how-are-you-planning-2025/","11415","2025-01-13","How are you planning 2025?"
"https://spike.co.nz/what-we-watch/","https://glennedley.com/mondaymotivator/2025/what-we-watch/","11423","2025-01-27","What We Watch"
"https://spike.co.nz/where-are-you-heading/","https://glennedley.com/mondaymotivator/2025/where-are-you-heading/","11428","2025-02-03","Where Are You Heading?"
"https://spike.co.nz/why-worry/","https://glennedley.com/mondaymotivator/2025/why-worry/","11432","2025-02-10","Why Worry?"
"https://spike.co.nz/three-quick-things-i-learned-from-caddying-for-an-american-professional-disc-golfer/","https://glennedley.com/mondaymotivator/2025/three-quick-things-i-learned-from-caddying-for-an-american-professional-disc-golfer/","11437","2025-02-17","Three Quick Things I Learned from Caddying for an American Professional Disc Golfer"
"https://spike.co.nz/small-acts-of-courage-that-create-big-change/","https://glennedley.com/mondaymotivator/2025/small-acts-of-courage-that-create-big-change/","11486","2025-02-24","Small Acts of Courage That Create Big Change"
"https://spike.co.nz/unleash-your-inner-courage-and-lead-with-confidence/","https://glennedley.com/mondaymotivator/2025/unleash-your-inner-courage-and-lead-with-confidence/","11516","2025-03-10","Unleash Your Inner Courage and Lead with Confidence"
"https://spike.co.nz/discovering-purpose-in-your-life-is-a-gamechanger/","https://glennedley.com/mondaymotivator/2025/discovering-purpose-in-your-life-is-a-gamechanger/","11521","2025-03-24","Discovering Purpose in Your Life Is a Gamechanger"
"https://spike.co.nz/why-motivation-doesnt-last-long/","https://glennedley.com/mondaymotivator/2025/why-motivation-doesnt-last-long/","11708","2025-03-31","Why Motivation Doesn't Last Long"
"https://spike.co.nz/in-search-of-happiness/","https://glennedley.com/mondaymotivator/2025/in-search-of-happiness/","11787","2025-04-07","In Search of Happiness"
"https://spike.co.nz/part-two-there-is-no-quick-fix/","https://glennedley.com/mondaymotivator/2025/part-two-there-is-no-quick-fix/","11792","2025-04-08","Part Two: There is no quick fix"
"https://spike.co.nz/lessons-from-the-shower/","https://glennedley.com/mondaymotivator/2025/lessons-from-the-shower/","11813","2025-04-14","Lessons from the shower"
"https://spike.co.nz/brain-power-starts-with-attitude/","https://glennedley.com/mondaymotivator/2025/brain-power-starts-with-attitude/","11909","2025-05-05","Brain Power Starts with Attitude!"
"https://spike.co.nz/the-case-for-failing-upward/","https://glennedley.com/mondaymotivator/2025/the-case-for-failing-upward/","11927","2025-05-12","The Case for Failing Upward"
"https://spike.co.nz/crossing-the-plank/","https://glennedley.com/mondaymotivator/2025/crossing-the-plank/","11945","2025-05-19","Crossing The Plank"
"https://spike.co.nz/how-to-use-psychology-to-improve-your-life/","https://glennedley.com/mondaymotivator/2025/how-to-use-psychology-to-improve-your-life/","12037","2025-05-26","How to Use Psychology to Improve Your Life"
"https://spike.co.nz/dont-talk-about-it-be-it/","https://glennedley.com/mondaymotivator/2025/dont-talk-about-it-be-it/","12093","2025-06-02","Don't Talk About It. Be It!"
"https://spike.co.nz/make-it-right/","https://glennedley.com/mondaymotivator/2025/make-it-right/","12196","2025-06-09","Make It Right"
"https://spike.co.nz/better-questions-better-man-or-woman/","https://glennedley.com/mondaymotivator/2025/better-questions-better-man-or-woman/","12382","2025-06-16","Better Questions = Better Man or Woman"
"https://spike.co.nz/stress-free-and-happy/","https://glennedley.com/mondaymotivator/2025/stress-free-and-happy/","12424","2025-06-23","Stress Free and Happy?"
"https://spike.co.nz/dont-slam-on-the-brakes/","https://glennedley.com/mondaymotivator/2025/dont-slam-on-the-brakes/","12529","2025-06-30","Don't Slam on the Brakes"
"https://spike.co.nz/accepting-personal-responsibility/","https://glennedley.com/mondaymotivator/2025/accepting-personal-responsibility/","12546","2025-07-07","Accepting Personal Responsibility"
"https://spike.co.nz/youre-entitled-to-nothing/","https://glennedley.com/mondaymotivator/2025/youre-entitled-to-nothing/","12567","2025-07-14","You're Entitled To Nothing"
"https://spike.co.nz/mind-over-material/","https://glennedley.com/mondaymotivator/2025/mind-over-material/","12599","2025-07-21","Mind Over Material"
"https://spike.co.nz/why-youre-losing-sales-and-yes-we-all-sell-something/","https://glennedley.com/mondaymotivator/2025/why-youre-losing-sales-and-yes-we-all-sell-something/","12632","2025-07-28","Why You're Losing Sales - And, Yes, We All Sell Something"
"https://spike.co.nz/youre-not-bad-at-maths-and-other-false-beliefs/","https://glennedley.com/mondaymotivator/2025/youre-not-bad-at-maths-and-other-false-beliefs/","12668","2025-08-04","You're Not ""Bad at Maths"" And Other False Beliefs"
"https://spike.co.nz/the-forgotten-fireplace/","https://glennedley.com/mondaymotivator/2025/the-forgotten-fireplace/","12683","2025-08-11","The Forgotten Fireplace"
"https://spike.co.nz/the-questions-that-uncovered-what-i-really-needed/","https://glennedley.com/mondaymotivator/2025/the-questions-that-uncovered-what-i-really-needed/","12693","2025-08-18","Stop Fixing. Start Seeing."
"https://spike.co.nz/no-shortcuts/","https://glennedley.com/mondaymotivator/2025/no-shortcuts/","12700","2025-08-25","No shortcuts"
"https://spike.co.nz/watch-for-the-signals/","https://glennedley.com/mondaymotivator/2025/watch-for-the-signals/","12710","2025-09-01","Watch for the Signals 👀"
"https://spike.co.nz/dare-to-think/","https://glennedley.com/mondaymotivator/2025/dare-to-think/","12866","2025-09-08","Dare To Think 💡"
"https://spike.co.nz/decisions-define-you/","https://glennedley.com/mondaymotivator/2025/decisions-define-you/","13030","2025-09-15","Decisions Define You"
"https://spike.co.nz/discipline-builds-a-life-of-meaning/","https://glennedley.com/mondaymotivator/2025/discipline-builds-a-life-of-meaning/","13054","2025-09-22","Discipline Builds A Life Of Meaning"
"https://spike.co.nz/turn-fear-into-purpose/","https://glennedley.com/mondaymotivator/2025/turn-fear-into-purpose/","13060","2025-09-29","Turn Fear Into Purpose"
"https://spike.co.nz/hard-times-dont-have-to-define-you/","https://glennedley.com/mondaymotivator/2025/hard-times-dont-have-to-define-you/","13074","2025-10-06","Hard Times Don't Have to Define You"
"https://spike.co.nz/amazing-things-happen-when-you-stop-fighting-yourself/","https://glennedley.com/mondaymotivator/2025/amazing-things-happen-when-you-stop-fighting-yourself/","13160","2025-10-13","Amazing Things Happen When You Stop Fighting Yourself"
"https://spike.co.nz/delete-delete-delete/","https://glennedley.com/mondaymotivator/2025/delete-delete-delete/","13307","2025-10-20","Delete. Delete. Delete."
"https://spike.co.nz/thoughts-on-optimism/","https://glennedley.com/mondaymotivator/2025/thoughts-on-optimism/","13447","2025-10-27","Thoughts On Optimism"
"https://spike.co.nz/what-if-your-expectations-are-the-only-thing-holding-you-back/","https://glennedley.com/mondaymotivator/2025/what-if-your-expectations-are-the-only-thing-holding-you-back/","13480","2025-11-03","What if your expectations are the only thing holding you back?"
"https://spike.co.nz/follow-the-process-fix-the-problem/","https://glennedley.com/mondaymotivator/2025/follow-the-process-fix-the-problem/","13509","2025-11-10","Follow the Process. Fix the Problem."
"https://spike.co.nz/following-on-from-the-other-weeks-topic-on-expectations-positive-self-talk/","https://glennedley.com/mondaymotivator/2025/following-on-from-the-other-weeks-topic-on-expectations-positive-self-talk/","13550","2025-11-17","Following On From The Other Week's Topic On Expectations: Positive Self Talk"
"https://spike.co.nz/see-the-funny-side/","https://glennedley.com/mondaymotivator/2025/see-the-funny-side/","13559","2025-11-24","See the Funny Side"
"https://spike.co.nz/youre-more-capable-than-you-think/","https://glennedley.com/mondaymotivator/2025/youre-more-capable-than-you-think/","13565","2025-12-01","You're More Capable Than You Think"
"https://spike.co.nz/speak-to-potential-not-limitations/","https://glennedley.com/mondaymotivator/2025/speak-to-potential-not-limitations/","13572","2025-12-08","Speak to Potential, Not Limitations"
"https://spike.co.nz/the-end-of-year-reset/","https://glennedley.com/mondaymotivator/2025/the-end-of-year-reset/","13580","2025-12-15","The End-of-Year Reset"
"https://spike.co.nz/do-your-choices-support-your-goals/","https://glennedley.com/mondaymotivator/2026/do-your-choices-support-your-goals/","13603","2026-01-19","Do Your Choices Support Your Goals?"
"https://spike.co.nz/you-are-special/","https://glennedley.com/mondaymotivator/2026/you-are-special/","13609","2026-01-26","You Are Special"
"https://spike.co.nz/systems-beat-goals/","https://glennedley.com/mondaymotivator/2026/systems-beat-goals/","13649","2026-02-02","Systems Beat Goals"
"https://spike.co.nz/cant-is-not-an-option/","https://glennedley.com/mondaymotivator/2026/cant-is-not-an-option/","13686","2026-02-09","Can’t Is Not an Option"
"https://spike.co.nz/no-one-builds-statues-to-critics/","https://glennedley.com/mondaymotivator/2026/no-one-builds-statues-to-critics/","13697","2026-02-16","No One Builds Statues to Critics"
"https://spike.co.nz/dare-to-read/","https://glennedley.com/mondaymotivator/2026/dare-to-read/","13701","2026-02-23","Dare To Read"
"https://spike.co.nz/did-you-bring-in-the-ship/","https://glennedley.com/mondaymotivator/2026/did-you-bring-in-the-ship/","13747","2026-03-02","Did You Bring In The Ship?"
"https://spike.co.nz/are-you-a-true-friend/","https://glennedley.com/mondaymotivator/2026/are-you-a-true-friend/","13782","2026-03-09","Are You a True Friend?"
"https://spike.co.nz/is-anyone-out-there/","https://glennedley.com/mondaymotivator/2026/is-anyone-out-there/","13867","2026-03-16","Is Anyone Out There?"
"https://spike.co.nz/in-praise-of-meditation/","https://glennedley.com/mondaymotivator/2026/in-praise-of-meditation/","13985","2026-03-23","In Praise of Meditation"
"https://spike.co.nz/chin-up-mind-up-does-that-make-sense/","https://glennedley.com/mondaymotivator/2026/chin-up-mind-up-does-that-make-sense/","14082","2026-03-30","Chin Up = Mind Up (does that make sense?)"
"https://spike.co.nz/weapon-or-weakness/","https://glennedley.com/mondaymotivator/2026/weapon-or-weakness/","14086","2026-04-06","Weapon or Weakness?"
"https://spike.co.nz/risk-is-always-there/","https://glennedley.com/mondaymotivator/2026/risk-is-always-there/","14092","2026-04-13","Risk is Always There"
"https://spike.co.nz/stand-up-everyone/","https://glennedley.com/mondaymotivator/2026/stand-up-everyone/","14097","2026-04-20","Stand Up, Everyone!"
"https://spike.co.nz/the-power-of-music/","https://glennedley.com/mondaymotivator/2026/the-power-of-music/","14114","2026-04-27","The Power of Music"
"https://spike.co.nz/spiritual-confidence/","https://glennedley.com/mondaymotivator/2026/spiritual-confidence/","14121","2026-05-04","Spiritual Confidence"
"https://spike.co.nz/whose-life-is-it-anyway/","https://glennedley.com/mondaymotivator/2026/whose-life-is-it-anyway/","14154","2026-05-11","Whose Life Is It Anyway?"
"https://spike.co.nz/why-not/","https://glennedley.com/mondaymotivator/2026/why-not/","14211","2026-05-18","Why Not?"
"https://spike.co.nz/get-busy-living/","https://glennedley.com/mondaymotivator/2026/get-busy-living/","14231","2026-05-25","Get Busy Living"
"https://spike.co.nz/you-cant-catch-a-whale-from-the-shore/","https://glennedley.com/mondaymotivator/2026/you-cant-catch-a-whale-from-the-shore/","14260","2026-06-01","You can't catch a whale from the shore"
"https://spike.co.nz/twenty-two-years-one-big-rewrite/","https://glennedley.com/mondaymotivator/2026/twenty-two-years-one-big-rewrite/","14306","2026-06-08","Twenty-two years. One big rewrite."
"https://spike.co.nz/nobody-gives-you-this-stuff/","https://glennedley.com/mondaymotivator/2026/nobody-gives-you-this-stuff/","14311","2026-06-15","Nobody Gives You This Stuff"
"https://spike.co.nz/you-might-not-be-losing-ground/","https://glennedley.com/mondaymotivator/2026/you-might-not-be-losing-ground/","14315","2026-06-22","You might not be losing ground"
"https://spike.co.nz/youre-always-choosing/","https://glennedley.com/mondaymotivator/2026/youre-always-choosing/","14434","2026-06-29","You're Always Choosing"
"https://spike.co.nz/rent-a-dent-or-lamborghini/","https://glennedley.com/mondaymotivator/2026/rent-a-dent-or-lamborghini/","14447","2026-07-06","Rent a Dent or Lamborghini?"
"https://spike.co.nz/the-mistake-was-never-the-point/","https://glennedley.com/mondaymotivator/2026/the-mistake-was-never-the-point/","14483","2026-07-13","The Mistake Was Never The Point"
"https://spike.co.nz/nobody-cares-about-your-excuses/","https://glennedley.com/mondaymotivator/2026/nobody-cares-about-your-excuses/","14489","2026-07-20","Nobody Cares About Your Excuses"
"https://spike.co.nz/is-your-imagination-bigger-than-your-circumstances/","https://glennedley.com/mondaymotivator/2026/is-your-imagination-bigger-than-your-circumstances/","14493","2026-07-27","Is Your Imagination Bigger Than Your Circumstances?"
"https://spike.co.nz/the-shower-is-a-great-place-for-ideas/","https://glennedley.com/mondaymotivator/2026/the-shower-is-a-great-place-for-ideas/","14499","2026-08-03","The Shower Is A Great Place For Ideas"
"https://spike.co.nz/you-have-no-idea-what-their-journey-looks-like/","https://glennedley.com/mondaymotivator/2026/you-have-no-idea-what-their-journey-looks-like/","14503","2026-08-10","You Have No Idea What Their Journey Looks Like"
"https://spike.co.nz/youre-not-your-upbringing-anymore/","https://glennedley.com/mondaymotivator/2026/youre-not-your-upbringing-anymore/","14553","2026-08-17","You're Not Your Upbringing Anymore"
"https://spike.co.nz/you-dont-have-to-say-it/","https://glennedley.com/mondaymotivator/2026/you-dont-have-to-say-it/","14559","2026-08-24","You don’t have to say it!"
"https://spike.co.nz/your-intentions-dont-count/","https://glennedley.com/mondaymotivator/2026/your-intentions-dont-count/","14563","2026-08-31","Your intentions don’t count"
"https://spike.co.nz/the-joy-before-the-honey/","https://glennedley.com/mondaymotivator/2026/the-joy-before-the-honey/","14569","2026-09-07","The Joy Before the Honey"
